-- MySQL dump 10.13  Distrib 8.0.30, for Win64 (x86_64)
--
-- Host: k7a306.p.ssafy.io    Database: htwm
-- ------------------------------------------------------
-- Server version	8.0.31-0ubuntu0.20.04.1

/*!40101 SET @OLD_CHARACTER_SET_CLIENT=@@CHARACTER_SET_CLIENT */;
/*!40101 SET @OLD_CHARACTER_SET_RESULTS=@@CHARACTER_SET_RESULTS */;
/*!40101 SET @OLD_COLLATION_CONNECTION=@@COLLATION_CONNECTION */;
/*!50503 SET NAMES utf8mb4 */;
/*!40103 SET @OLD_TIME_ZONE=@@TIME_ZONE */;
/*!40103 SET TIME_ZONE='+00:00' */;
/*!40014 SET @OLD_UNIQUE_CHECKS=@@UNIQUE_CHECKS, UNIQUE_CHECKS=0 */;
/*!40014 SET @OLD_FOREIGN_KEY_CHECKS=@@FOREIGN_KEY_CHECKS, FOREIGN_KEY_CHECKS=0 */;
/*!40101 SET @OLD_SQL_MODE=@@SQL_MODE, SQL_MODE='NO_AUTO_VALUE_ON_ZERO' */;
/*!40111 SET @OLD_SQL_NOTES=@@SQL_NOTES, SQL_NOTES=0 */;

--
-- Table structure for table `exercise`
--

DROP TABLE IF EXISTS `exercise`;
/*!40101 SET @saved_cs_client     = @@character_set_client */;
/*!50503 SET character_set_client = utf8mb4 */;
CREATE TABLE `exercise` (
  `exercise_id` bigint NOT NULL AUTO_INCREMENT,
  `name` varchar(255) DEFAULT NULL,
  `url` varchar(255) DEFAULT NULL,
  PRIMARY KEY (`exercise_id`),
  UNIQUE KEY `UK_r1ox34byx8pj01qd39plfobsj` (`name`)
) ENGINE=InnoDB AUTO_INCREMENT=12 DEFAULT CHARSET=utf8mb4 COLLATE=utf8mb4_0900_ai_ci;
/*!40101 SET character_set_client = @saved_cs_client */;

--
-- Dumping data for table `exercise`
--

LOCK TABLES `exercise` WRITE;
/*!40000 ALTER TABLE `exercise` DISABLE KEYS */;
INSERT INTO `exercise` VALUES (1,'휴식',''),(2,'스쿼트','https://htm-ssafy.s3.ap-northeast-2.amazonaws.com/body/edffe811-97ce-4eff-9da4-010e861625b5_com--unscreen%20%2816%29.gif'),(3,'무릎 높이 들기','https://htm-ssafy.s3.ap-northeast-2.amazonaws.com/body/24cde81d-5e2c-4ef0-8d28-fa07a34749f4_com--unscreen%20%2817%29.gif'),(4,'레터럴 스텝','https://htm-ssafy.s3.ap-northeast-2.amazonaws.com/body/ed8e8197-d3ea-423a-b9dd-fdcfee968b9c_com--unscreen%20%2818%29.gif'),(5,'하이킥','https://htm-ssafy.s3.ap-northeast-2.amazonaws.com/body/0ff740a5-071b-43fe-b1de-8214efd5f034_com--unscreen%20%2819%29.gif'),(6,'사이드 니 업','https://htm-ssafy.s3.ap-northeast-2.amazonaws.com/body/a2663ab7-1c7d-437c-88c9-ca80275212af_com--unscreen%20%2820%29.gif'),(7,'팔굽혀펴기','https://htm-ssafy.s3.ap-northeast-2.amazonaws.com/body/exercise/pushup-unscreen.gif'),(8,'마운틴 클라이머','https://htm-ssafy.s3.ap-northeast-2.amazonaws.com/body/exercise/mountainClip-unscreen.gif'),(9,'크런치','https://htm-ssafy.s3.ap-northeast-2.amazonaws.com/body/exercise/crunchClip-unscreen.gif'),(10,'플러터 킥','https://htm-ssafy.s3.ap-northeast-2.amazonaws.com/body/exercise/flutterkickClip-unscreen.gif'),(11,'바이시클 크런치','https://htm-ssafy.s3.ap-northeast-2.amazonaws.com/body/exercise/bicycleClip-unscreen.gif');
/*!40000 ALTER TABLE `exercise` ENABLE KEYS */;
UNLOCK TABLES;

--
-- Table structure for table `friend`
--

DROP TABLE IF EXISTS `friend`;
/*!40101 SET @saved_cs_client     = @@character_set_client */;
/*!50503 SET character_set_client = utf8mb4 */;
CREATE TABLE `friend` (
  `friend_id` bigint NOT NULL AUTO_INCREMENT,
  `my_id` bigint DEFAULT NULL,
  `other_id` bigint DEFAULT NULL,
  PRIMARY KEY (`friend_id`),
  KEY `FKjsj765jki270yn3ns5nq8t9cr` (`my_id`),
  KEY `FK3xre17cksnxr30nphl88hftvm` (`other_id`),
  CONSTRAINT `FK3xre17cksnxr30nphl88hftvm` FOREIGN KEY (`other_id`) REFERENCES `user` (`user_id`),
  CONSTRAINT `FKjsj765jki270yn3ns5nq8t9cr` FOREIGN KEY (`my_id`) REFERENCES `user` (`user_id`)
) ENGINE=InnoDB AUTO_INCREMENT=71 DEFAULT CHARSET=utf8mb4 COLLATE=utf8mb4_0900_ai_ci;
/*!40101 SET character_set_client = @saved_cs_client */;

--
-- Dumping data for table `friend`
--

LOCK TABLES `friend` WRITE;
/*!40000 ALTER TABLE `friend` DISABLE KEYS */;
INSERT INTO `friend` VALUES (61,6,5),(62,5,6),(63,9,5),(64,5,9),(65,3,5),(66,5,3),(67,8,5),(68,5,8),(69,10,5),(70,5,10);
/*!40000 ALTER TABLE `friend` ENABLE KEYS */;
UNLOCK TABLES;

--
-- Table structure for table `mirror`
--

DROP TABLE IF EXISTS `mirror`;
/*!40101 SET @saved_cs_client     = @@character_set_client */;
/*!50503 SET character_set_client = utf8mb4 */;
CREATE TABLE `mirror` (
  `mirror_id` bigint NOT NULL AUTO_INCREMENT,
  `uuid` varchar(255) DEFAULT NULL,
  `user_id` bigint DEFAULT NULL,
  PRIMARY KEY (`mirror_id`),
  UNIQUE KEY `UK_5s8kv3jot4fodhs3giwne4e76` (`uuid`),
  KEY `FKnk44dpce1g4yk75r2ypdar3wu` (`user_id`),
  CONSTRAINT `FKnk44dpce1g4yk75r2ypdar3wu` FOREIGN KEY (`user_id`) REFERENCES `user` (`user_id`)
) ENGINE=InnoDB AUTO_INCREMENT=4 DEFAULT CHARSET=utf8mb4 COLLATE=utf8mb4_0900_ai_ci;
/*!40101 SET character_set_client = @saved_cs_client */;

--
-- Dumping data for table `mirror`
--

LOCK TABLES `mirror` WRITE;
/*!40000 ALTER TABLE `mirror` DISABLE KEYS */;
INSERT INTO `mirror` VALUES (1,'0cf2ef96-a64c-4ed3-b093-917d1b5150c7',6),(2,'be2af006-d226-4527-a258-3cce8fedba06',5),(3,'test',9);
/*!40000 ALTER TABLE `mirror` ENABLE KEYS */;
UNLOCK TABLES;

--
-- Table structure for table `notice`
--

DROP TABLE IF EXISTS `notice`;
/*!40101 SET @saved_cs_client     = @@character_set_client */;
/*!50503 SET character_set_client = utf8mb4 */;
CREATE TABLE `notice` (
  `notice_id` bigint NOT NULL AUTO_INCREMENT,
  `create_time` datetime DEFAULT NULL,
  `isread` tinyint NOT NULL,
  `type` varchar(255) DEFAULT NULL,
  `from_id` bigint DEFAULT NULL,
  `to_id` bigint DEFAULT NULL,
  PRIMARY KEY (`notice_id`),
  KEY `FKsnw69os1gcluk9of6yok6jgku` (`from_id`),
  KEY `FKej70c1w2ve1r4igdjp1j67ld3` (`to_id`),
  CONSTRAINT `FKej70c1w2ve1r4igdjp1j67ld3` FOREIGN KEY (`to_id`) REFERENCES `user` (`user_id`),
  CONSTRAINT `FKsnw69os1gcluk9of6yok6jgku` FOREIGN KEY (`from_id`) REFERENCES `user` (`user_id`)
) ENGINE=InnoDB AUTO_INCREMENT=319 DEFAULT CHARSET=utf8mb4 COLLATE=utf8mb4_0900_ai_ci;
/*!40101 SET character_set_client = @saved_cs_client */;

--
-- Dumping data for table `notice`
--

LOCK TABLES `notice` WRITE;
/*!40000 ALTER TABLE `notice` DISABLE KEYS */;
INSERT INTO `notice` VALUES (1,'2022-10-25 16:55:08',1,'REQ_STR',2,1),(2,'2022-10-25 16:57:42',1,'ACC_STR',1,2),(3,'2022-10-27 08:25:04',1,'REQ_STR',1,2),(4,'2022-10-27 08:25:33',1,'ACC_STR',1,2),(5,'2022-10-27 08:25:37',1,'ACC_STR',1,2),(6,'2022-10-27 08:25:43',1,'ACC_STR',2,1),(7,'2022-10-27 08:29:45',1,'ACC_STR',2,1),(8,'2022-11-01 07:04:42',1,'REQ_FRI',6,5),(9,'2022-11-01 07:04:52',1,'REQ_STR',6,5),(10,'2022-11-01 07:05:34',1,'ACC_FRI',5,6),(11,'2022-11-01 07:05:57',1,'REQ_FRI',5,5),(12,'2022-11-01 07:06:05',1,'REQ_FRI',5,5),(13,'2022-11-01 07:47:45',1,'REQ_FRI',6,5),(14,'2022-11-01 23:46:41',1,'ACC_STR',6,5),(15,'2022-11-01 23:46:46',1,'DEN_STR',6,5),(16,'2022-11-02 03:32:47',1,'REQ_FRI',5,6),(17,'2022-11-02 03:34:04',1,'ACC_FRI',6,5),(18,'2022-11-02 03:51:13',1,'REQ_FRI',5,3),(19,'2022-11-03 07:51:34',1,'REQ_STR',1,2),(20,'2022-11-03 07:51:47',1,'ACC_STR',2,1),(21,'2022-11-03 08:18:43',0,'REQ_FRI',1,4),(22,'2022-11-03 08:23:29',0,'REQ_STR',2,4),(23,'2022-11-03 17:24:05',0,'REQ_STR',3,4),(24,'2022-11-03 08:24:31',0,'REQ_FRI',1,4),(25,'2022-11-03 17:24:46',0,'REQ_STR',2,4),(26,'2022-11-03 08:32:15',0,'REQ_FRI',1,4),(27,'2022-11-03 08:36:37',0,'REQ_FRI',2,4),(28,'2022-11-03 17:42:38',0,'REQ_FRI',1,4),(29,'2022-11-03 17:43:05',0,'REQ_FRI',3,4),(30,'2022-11-03 17:55:21',0,'REQ_FRI',3,4),(31,'2022-11-09 09:22:41',1,'ACC_FRI',3,5),(32,'2022-11-09 09:22:52',1,'ACC_FRI',6,5),(33,'2022-11-09 10:14:22',1,'REQ_FRI',2,1),(34,'2022-11-09 16:04:57',0,'REQ_STR',5,3),(35,'2022-11-09 16:05:17',0,'REQ_STR',5,3),(36,'2022-11-09 16:06:20',0,'REQ_STR',5,3),(37,'2022-11-10 09:31:28',0,'REQ_STR',2,1),(38,'2022-11-10 09:31:52',0,'REQ_STR',2,1),(39,'2022-11-10 09:33:56',0,'REQ_STR',2,1),(40,'2022-11-10 09:33:59',0,'REQ_STR',2,1),(41,'2022-11-10 09:35:38',0,'ACC_STR',2,1),(42,'2022-11-10 09:49:50',0,'REQ_STR',2,1),(43,'2022-11-10 09:50:18',0,'ACC_STR',2,1),(44,'2022-11-10 09:55:24',1,'ACC_FRI',6,5),(45,'2022-11-10 09:56:07',1,'ACC_FRI',6,5),(46,'2022-11-10 09:57:36',1,'ACC_FRI',6,5),(47,'2022-11-10 09:57:54',1,'ACC_FRI',6,5),(48,'2022-11-10 09:59:37',1,'ACC_FRI',6,5),(49,'2022-11-10 10:00:08',1,'ACC_FRI',6,5),(50,'2022-11-10 10:00:31',1,'ACC_FRI',6,5),(51,'2022-11-10 10:00:51',1,'ACC_FRI',6,5),(52,'2022-11-10 10:00:57',1,'ACC_FRI',6,5),(53,'2022-11-11 15:49:46',1,'ACC_FRI',5,6),(54,'2022-11-11 15:49:57',1,'ACC_FRI',5,6),(55,'2022-11-11 15:51:33',1,'ACC_FRI',5,6),(56,'2022-11-11 15:53:44',1,'ACC_FRI',5,6),(57,'2022-11-11 15:57:29',1,'ACC_FRI',5,6),(58,'2022-11-11 15:57:35',1,'ACC_FRI',5,6),(59,'2022-11-15 10:07:12',1,'ACC_FRI',5,6),(60,'2022-11-15 10:09:31',1,'ACC_FRI',5,6),(61,'2022-11-15 15:30:40',0,'REQ_STR',5,3),(67,'2022-11-15 15:33:48',1,'ACC_FRI',5,6),(68,'2022-11-15 15:33:53',1,'ACC_FRI',5,6),(69,'2022-11-15 15:33:53',1,'ACC_FRI',5,6),(70,'2022-11-15 15:33:53',1,'ACC_FRI',5,6),(71,'2022-11-15 15:33:53',1,'ACC_FRI',5,6),(72,'2022-11-15 15:40:22',1,'ACC_STR',5,6),(73,'2022-11-15 15:40:26',1,'ACC_STR',5,6),(74,'2022-11-15 15:40:34',1,'ACC_STR',5,6),(75,'2022-11-15 15:40:57',1,'ACC_STR',5,6),(76,'2022-11-15 15:41:09',1,'ACC_STR',5,6),(77,'2022-11-15 15:41:12',1,'ACC_STR',5,6),(78,'2022-11-15 15:42:08',1,'ACC_STR',5,6),(79,'2022-11-15 16:07:06',1,'ACC_FRI',5,6),(82,'2022-11-15 17:17:58',0,'REQ_FRI',5,8),(83,'2022-11-15 17:18:27',1,'ACC_FRI',5,6),(84,'2022-11-16 13:36:00',1,'REQ_STR',5,6),(85,'2022-11-16 13:36:37',1,'ACC_FRI',5,6),(86,'2022-11-16 17:43:44',1,'REQ_STR',2,1),(87,'2022-11-16 17:44:03',0,'ACC_STR',1,2),(88,'2022-11-16 17:54:31',1,'REQ_STR',2,1),(89,'2022-11-16 17:54:35',0,'ACC_STR',1,2),(90,'2022-11-17 12:33:37',1,'ACC_STR',5,6),(91,'2022-11-17 12:33:39',1,'ACC_FRI',5,6),(92,'2022-11-17 13:08:26',1,'REQ_STR',2,1),(93,'2022-11-17 13:08:40',0,'ACC_STR',1,2),(94,'2022-11-17 13:32:57',1,'REQ_STR',2,1),(95,'2022-11-17 13:33:00',0,'ACC_STR',1,2),(96,'2022-11-17 13:37:04',1,'REQ_STR',2,1),(97,'2022-11-17 13:37:14',0,'ACC_STR',1,2),(98,'2022-11-17 13:43:48',1,'REQ_STR',2,1),(99,'2022-11-17 13:43:51',0,'ACC_STR',1,2),(100,'2022-11-17 13:46:30',1,'REQ_STR',2,1),(101,'2022-11-17 13:46:33',0,'ACC_STR',1,2),(102,'2022-11-17 13:46:43',1,'REQ_STR',2,1),(103,'2022-11-17 13:46:46',0,'ACC_STR',1,2),(104,'2022-11-17 13:47:13',1,'REQ_STR',2,1),(105,'2022-11-17 13:47:16',0,'ACC_STR',1,2),(106,'2022-11-17 13:49:55',1,'REQ_STR',2,1),(107,'2022-11-17 13:49:57',0,'ACC_STR',1,2),(108,'2022-11-17 13:50:04',1,'REQ_STR',2,1),(109,'2022-11-17 13:50:07',0,'ACC_STR',1,2),(110,'2022-11-17 13:51:20',1,'REQ_STR',2,1),(111,'2022-11-17 13:51:22',0,'ACC_STR',1,2),(112,'2022-11-17 13:53:16',1,'REQ_STR',2,1),(113,'2022-11-17 13:53:18',0,'ACC_STR',1,2),(114,'2022-11-17 14:17:53',1,'ACC_FRI',5,6),(115,'2022-11-17 14:31:51',1,'ACC_FRI',5,6),(116,'2022-11-17 14:32:09',1,'ACC_FRI',5,6),(117,'2022-11-17 14:32:20',1,'ACC_FRI',5,6),(118,'2022-11-17 14:57:03',1,'REQ_STR',2,1),(119,'2022-11-17 14:57:06',0,'ACC_STR',1,2),(120,'2022-11-17 14:57:55',1,'REQ_STR',2,1),(121,'2022-11-17 14:57:59',0,'ACC_STR',1,2),(122,'2022-11-17 14:58:26',1,'REQ_STR',2,1),(123,'2022-11-17 14:58:30',0,'ACC_STR',1,2),(124,'2022-11-17 14:59:52',1,'REQ_STR',2,1),(125,'2022-11-17 14:59:55',0,'ACC_STR',1,2),(126,'2022-11-17 15:00:21',1,'ACC_FRI',5,6),(127,'2022-11-17 15:00:23',1,'ACC_STR',5,6),(128,'2022-11-17 15:01:13',1,'REQ_STR',5,6),(129,'2022-11-17 15:06:19',1,'REQ_STR',2,5),(130,'2022-11-17 15:06:29',1,'REQ_STR',2,1),(131,'2022-11-17 15:06:32',0,'ACC_STR',1,2),(132,'2022-11-17 15:10:24',1,'REQ_STR',2,1),(133,'2022-11-17 15:10:28',0,'ACC_STR',1,2),(134,'2022-11-17 15:14:51',1,'REQ_STR',2,3),(135,'2022-11-17 15:14:56',0,'ACC_STR',3,2),(136,'2022-11-17 15:16:20',1,'REQ_STR',2,3),(137,'2022-11-17 15:16:24',0,'ACC_STR',3,2),(138,'2022-11-17 15:18:41',1,'REQ_STR',2,3),(139,'2022-11-17 15:18:44',0,'ACC_STR',3,2),(140,'2022-11-17 15:24:10',1,'ACC_FRI',5,6),(141,'2022-11-17 15:27:22',1,'REQ_STR',1,3),(142,'2022-11-17 15:27:30',0,'ACC_STR',3,1),(143,'2022-11-17 15:40:22',1,'REQ_STR',2,3),(144,'2022-11-17 15:40:28',0,'ACC_STR',3,2),(145,'2022-11-17 15:43:57',1,'REQ_STR',2,3),(146,'2022-11-17 15:44:00',0,'ACC_STR',3,2),(147,'2022-11-17 16:04:47',1,'ACC_FRI',6,5),(148,'2022-11-17 16:05:28',1,'REQ_STR',5,6),(149,'2022-11-17 16:05:47',1,'ACC_FRI',6,5),(150,'2022-11-17 16:06:31',1,'ACC_FRI',5,6),(151,'2022-11-17 16:07:19',1,'ACC_FRI',6,5),(152,'2022-11-17 16:12:52',1,'ACC_FRI',5,6),(153,'2022-11-17 16:13:44',0,'REQ_STR',6,5),(154,'2022-11-17 16:13:53',1,'REQ_STR',5,6),(155,'2022-11-17 16:14:20',1,'REQ_STR',6,5),(156,'2022-11-17 16:14:41',1,'ACC_STR',6,5),(157,'2022-11-17 16:15:18',1,'ACC_STR',5,6),(158,'2022-11-17 16:15:22',1,'ACC_STR',5,6),(159,'2022-11-17 16:24:03',0,'DEN_STR',5,2),(160,'2022-11-17 16:26:11',0,'ACC_STR',5,2),(161,'2022-11-17 16:26:12',0,'ACC_STR',5,2),(162,'2022-11-17 16:26:16',1,'ACC_STR',5,6),(163,'2022-11-17 16:26:17',1,'ACC_STR',5,6),(164,'2022-11-17 16:26:18',1,'ACC_STR',5,6),(165,'2022-11-17 16:26:47',0,'DEN_STR',5,2),(166,'2022-11-17 16:29:12',1,'REQ_FRI',6,5),(167,'2022-11-17 16:30:58',1,'REQ_FRI',5,6),(168,'2022-11-17 16:31:00',1,'ACC_FRI',5,6),(169,'2022-11-17 16:44:20',1,'ACC_STR',5,6),(170,'2022-11-17 16:45:21',1,'ACC_FRI',5,6),(171,'2022-11-17 16:45:25',1,'REQ_STR',5,6),(172,'2022-11-17 16:46:20',1,'REQ_STR',2,5),(183,'2022-11-17 17:29:22',1,'REQ_FRI',6,5),(184,'2022-11-17 17:49:27',1,'REQ_STR',5,3),(185,'2022-11-17 17:49:30',0,'ACC_STR',3,5),(186,'2022-11-17 17:50:07',0,'REQ_STR',5,3),(187,'2022-11-17 17:50:17',1,'REQ_STR',5,3),(188,'2022-11-17 17:50:20',0,'ACC_STR',3,5),(189,'2022-11-17 17:51:54',1,'REQ_FRI',5,6),(190,'2022-11-17 17:52:03',1,'ACC_FRI',5,6),(191,'2022-11-17 17:52:40',1,'REQ_STR',5,3),(192,'2022-11-17 17:52:43',0,'ACC_STR',3,5),(193,'2022-11-17 17:53:37',1,'REQ_STR',5,3),(194,'2022-11-17 17:53:41',0,'ACC_STR',3,5),(195,'2022-11-17 18:01:49',0,'DEN_STR',5,2),(196,'2022-11-17 18:03:48',0,'DEN_STR',3,2),(197,'2022-11-17 18:04:40',1,'REQ_STR',2,3),(198,'2022-11-17 18:04:43',0,'DEN_STR',3,2),(199,'2022-11-17 18:06:21',0,'REQ_STR',6,5),(200,'2022-11-17 18:06:22',0,'DEN_STR',3,2),(201,'2022-11-17 18:06:42',0,'REQ_STR',6,5),(202,'2022-11-17 18:07:51',1,'REQ_STR',6,5),(203,'2022-11-17 18:11:29',0,'DEN_STR',3,2),(204,'2022-11-17 18:11:45',0,'DEN_STR',3,2),(205,'2022-11-17 18:12:23',0,'DEN_STR',3,2),(206,'2022-11-17 23:13:27',1,'REQ_STR',5,2),(207,'2022-11-17 23:13:30',0,'ACC_STR',2,5),(208,'2022-11-17 23:49:22',1,'REQ_STR',5,2),(209,'2022-11-17 23:49:24',0,'ACC_STR',2,5),(210,'2022-11-17 23:50:13',1,'REQ_STR',5,2),(211,'2022-11-17 23:50:16',0,'ACC_STR',2,5),(212,'2022-11-17 23:50:55',1,'REQ_STR',5,2),(213,'2022-11-17 23:50:57',0,'ACC_STR',2,5),(214,'2022-11-17 23:51:50',1,'REQ_STR',5,2),(215,'2022-11-17 23:51:52',0,'ACC_STR',2,5),(216,'2022-11-18 00:29:24',1,'REQ_STR',5,2),(217,'2022-11-18 00:29:26',0,'ACC_STR',2,5),(218,'2022-11-18 00:30:43',1,'REQ_STR',5,2),(219,'2022-11-18 00:30:45',0,'ACC_STR',2,5),(220,'2022-11-18 00:32:45',1,'REQ_STR',5,2),(221,'2022-11-18 00:32:47',0,'ACC_STR',2,5),(222,'2022-11-18 10:39:53',1,'REQ_FRI',6,5),(223,'2022-11-18 10:40:41',1,'ACC_FRI',5,6),(224,'2022-11-18 10:41:21',1,'REQ_FRI',5,6),(225,'2022-11-18 10:41:47',1,'REQ_FRI',5,6),(226,'2022-11-18 10:41:53',0,'ACC_FRI',6,5),(227,'2022-11-18 10:55:28',1,'DEN_STR',5,6),(228,'2022-11-18 10:56:39',1,'DEN_STR',5,6),(229,'2022-11-18 10:59:10',1,'DEN_STR',5,6),(230,'2022-11-18 11:00:32',1,'DEN_STR',5,6),(231,'2022-11-18 11:01:04',1,'DEN_STR',5,6),(232,'2022-11-18 11:03:13',1,'DEN_STR',5,6),(233,'2022-11-18 11:04:15',1,'DEN_STR',5,6),(234,'2022-11-18 11:06:22',1,'DEN_STR',5,6),(235,'2022-11-18 11:07:58',1,'REQ_STR',6,5),(236,'2022-11-18 11:09:51',1,'DEN_STR',5,6),(237,'2022-11-18 11:11:21',0,'DEN_STR',6,5),(238,'2022-11-18 11:12:32',1,'ACC_STR',5,6),(239,'2022-11-18 13:48:44',1,'REQ_FRI',5,6),(240,'2022-11-18 14:09:29',0,'ACC_FRI',6,5),(241,'2022-11-18 14:09:33',1,'REQ_STR',6,5),(242,'2022-11-18 14:09:38',1,'ACC_STR',5,6),(243,'2022-11-18 14:09:52',1,'REQ_STR',6,5),(244,'2022-11-18 14:10:07',1,'REQ_STR',6,5),(245,'2022-11-18 14:10:58',1,'DEN_STR',6,5),(246,'2022-11-18 14:11:05',1,'DEN_STR',6,5),(247,'2022-11-18 14:12:45',1,'REQ_STR',6,5),(248,'2022-11-18 14:12:49',1,'ACC_STR',5,6),(249,'2022-11-18 14:14:19',1,'REQ_STR',6,5),(250,'2022-11-18 14:14:27',1,'ACC_STR',5,6),(251,'2022-11-18 14:17:12',1,'REQ_STR',6,5),(252,'2022-11-18 14:17:32',1,'ACC_STR',5,6),(253,'2022-11-18 14:18:28',1,'REQ_STR',6,5),(254,'2022-11-18 14:18:42',1,'ACC_STR',5,6),(255,'2022-11-18 14:21:14',1,'REQ_STR',6,5),(256,'2022-11-18 14:21:22',1,'ACC_STR',5,6),(257,'2022-11-18 14:22:29',1,'REQ_STR',6,5),(258,'2022-11-18 14:22:40',1,'ACC_STR',5,6),(259,'2022-11-18 14:23:56',1,'REQ_STR',6,5),(260,'2022-11-18 14:24:10',1,'ACC_STR',5,6),(261,'2022-11-18 14:25:25',1,'REQ_STR',6,5),(262,'2022-11-18 14:25:31',1,'ACC_STR',5,6),(263,'2022-11-18 14:26:20',1,'REQ_STR',6,5),(264,'2022-11-18 14:31:42',1,'REQ_STR',5,6),(265,'2022-11-18 14:31:47',1,'ACC_STR',6,5),(266,'2022-11-18 14:31:58',1,'DEN_STR',6,5),(267,'2022-11-18 14:32:35',1,'ACC_STR',6,5),(268,'2022-11-18 14:32:47',1,'ACC_STR',6,5),(269,'2022-11-18 14:48:46',1,'REQ_STR',5,6),(270,'2022-11-18 14:49:23',1,'ACC_STR',6,5),(271,'2022-11-18 14:49:24',1,'REQ_STR',5,6),(272,'2022-11-18 14:49:36',1,'ACC_STR',6,5),(273,'2022-11-18 14:49:40',1,'REQ_STR',6,5),(274,'2022-11-18 14:49:45',1,'DEN_STR',6,5),(275,'2022-11-18 14:52:08',1,'REQ_STR',5,6),(276,'2022-11-18 14:52:11',1,'ACC_STR',6,5),(277,'2022-11-18 14:55:28',1,'REQ_STR',6,5),(278,'2022-11-18 14:55:33',1,'DEN_STR',6,5),(279,'2022-11-18 14:55:35',1,'REQ_STR',6,5),(280,'2022-11-18 14:56:03',1,'DEN_STR',6,5),(281,'2022-11-18 14:57:08',1,'REQ_STR',6,5),(282,'2022-11-18 14:57:12',1,'REQ_STR',6,5),(283,'2022-11-18 14:57:14',1,'ACC_STR',5,6),(284,'2022-11-18 14:57:46',1,'REQ_STR',6,5),(285,'2022-11-18 14:57:47',1,'REQ_STR',6,5),(286,'2022-11-18 14:57:52',1,'ACC_STR',5,6),(287,'2022-11-18 15:00:02',1,'REQ_STR',6,5),(288,'2022-11-18 15:00:20',1,'DEN_STR',6,5),(289,'2022-11-18 15:00:21',1,'DEN_STR',6,5),(290,'2022-11-18 15:06:39',1,'REQ_STR',6,5),(291,'2022-11-18 15:06:49',1,'DEN_STR',6,5),(292,'2022-11-18 15:07:35',1,'REQ_STR',6,5),(293,'2022-11-18 15:07:40',1,'ACC_STR',5,6),(294,'2022-11-18 15:08:59',1,'REQ_STR',6,5),(295,'2022-11-18 15:09:05',1,'ACC_STR',5,6),(296,'2022-11-18 15:10:36',1,'REQ_STR',6,5),(297,'2022-11-18 15:11:10',1,'ACC_STR',5,6),(298,'2022-11-18 15:26:52',1,'REQ_STR',6,5),(299,'2022-11-18 19:41:59',1,'REQ_FRI',5,6),(300,'2022-11-18 19:42:16',1,'ACC_FRI',6,5),(301,'2022-11-18 19:42:20',1,'REQ_STR',6,5),(302,'2022-11-18 19:42:30',1,'DEN_STR',6,5),(303,'2022-11-18 19:42:31',1,'DEN_STR',6,5),(304,'2022-11-18 19:48:48',1,'REQ_STR',5,6),(305,'2022-11-18 19:48:51',1,'ACC_STR',6,5),(306,'2022-11-18 19:59:13',1,'REQ_STR',6,5),(307,'2022-11-18 19:59:16',1,'ACC_STR',5,6),(308,'2022-11-18 20:02:19',1,'REQ_STR',6,5),(309,'2022-11-18 20:02:22',1,'ACC_STR',5,6),(310,'2022-11-18 20:03:41',1,'REQ_STR',6,5),(311,'2022-11-18 20:03:44',1,'ACC_STR',5,6),(312,'2022-11-18 20:10:04',1,'REQ_STR',5,6),(313,'2022-11-18 20:10:08',1,'ACC_STR',6,5),(314,'2022-11-18 20:11:58',1,'REQ_STR',5,6),(315,'2022-11-18 20:12:00',1,'ACC_STR',6,5),(316,'2022-11-19 17:24:16',1,'REQ_STR',5,9),(317,'2022-11-19 17:24:19',1,'ACC_STR',9,5),(318,'2022-11-20 18:24:42',0,'REQ_STR',10,5);
/*!40000 ALTER TABLE `notice` ENABLE KEYS */;
UNLOCK TABLES;

--
-- Table structure for table `picture`
--

DROP TABLE IF EXISTS `picture`;
/*!40101 SET @saved_cs_client     = @@character_set_client */;
/*!50503 SET character_set_client = utf8mb4 */;
CREATE TABLE `picture` (
  `picture_id` bigint NOT NULL AUTO_INCREMENT,
  `datetime` datetime DEFAULT NULL,
  `url` varchar(255) DEFAULT NULL,
  `user_id` bigint DEFAULT NULL,
  PRIMARY KEY (`picture_id`),
  KEY `FKfa3htlps9ddix2jx1spmpedko` (`user_id`),
  CONSTRAINT `FKfa3htlps9ddix2jx1spmpedko` FOREIGN KEY (`user_id`) REFERENCES `user` (`user_id`)
) ENGINE=InnoDB AUTO_INCREMENT=156 DEFAULT CHARSET=utf8mb4 COLLATE=utf8mb4_0900_ai_ci;
/*!40101 SET character_set_client = @saved_cs_client */;

--
-- Dumping data for table `picture`
--

LOCK TABLES `picture` WRITE;
/*!40000 ALTER TABLE `picture` DISABLE KEYS */;
INSERT INTO `picture` VALUES (1,'2022-11-01 00:57:56','hyhy',1),(2,'2022-11-01 00:57:59','qwerqweqwe',1),(3,'2022-11-01 01:57:59','dsfgdsgsdgfsdsdfds',2),(4,'2022-11-03 13:07:13','https://htm-ssafy.s3.ap-northeast-2.amazonaws.com/body/642d3d8b-9dd4-44a3-aba2-337fce6a76ce_chocolatmeil.jpg',3),(5,'2022-11-03 05:34:30','https://htm-ssafy.s3.ap-northeast-2.amazonaws.com/body/dbf4d2a0-f8e8-478e-ae6e-46cae40c6698_%EC%BA%A1%EC%B2%98.PNG',1),(6,'2022-11-03 05:36:14','https://htm-ssafy.s3.ap-northeast-2.amazonaws.com/body/640856e7-a48c-4f19-a6c9-478ef2f08a2d_chocolatmeil.jpg',1),(7,'2022-11-03 06:23:48','https://htm-ssafy.s3.ap-northeast-2.amazonaws.com/body/68e56a1d-e4bf-4a0a-92d2-ec628b99752b_com--unscreen.gif',7),(8,'2022-11-03 06:25:33','https://htm-ssafy.s3.ap-northeast-2.amazonaws.com/body/90dc0e3b-97d2-4870-8a6a-5e70e637c1af_com--unscreen%20%281%29.gif',7),(9,'2022-11-03 06:30:39','https://htm-ssafy.s3.ap-northeast-2.amazonaws.com/body/3f64f3f3-e340-4e85-970e-0e21b9c0524a_com--unscreen%20%282%29.gif',7),(10,'2022-11-03 06:32:22','https://htm-ssafy.s3.ap-northeast-2.amazonaws.com/body/3d1acc40-e495-41f2-862f-39db74997552_com--unscreen%20%285%29.gif',7),(11,'2022-11-03 06:37:09','https://htm-ssafy.s3.ap-northeast-2.amazonaws.com/body/4d5a08f2-cc63-4909-a710-290b7e0244fa_com--unscreen%20%286%29.gif',7),(12,'2022-11-03 06:38:29','https://htm-ssafy.s3.ap-northeast-2.amazonaws.com/body/c2d56396-0ec9-4579-840f-1fdbb99a8fe8_com--unscreen%20%287%29.gif',7),(13,'2022-11-03 06:39:37','https://htm-ssafy.s3.ap-northeast-2.amazonaws.com/body/62f16940-80a2-45ad-93ac-22055dd8ddc5_com--unscreen%20%288%29.gif',7),(14,'2022-11-03 06:42:31','https://htm-ssafy.s3.ap-northeast-2.amazonaws.com/body/0ac0ebd3-61e7-4e98-8577-60f26c4074b4_com--unscreen%20%2810%29.gif',7),(15,'2022-11-03 06:43:21','https://htm-ssafy.s3.ap-northeast-2.amazonaws.com/body/ba0f2fde-729d-4f9a-8cbf-775afd687de9_com--unscreen%20%2811%29.gif',7),(16,'2022-11-03 06:44:16','https://htm-ssafy.s3.ap-northeast-2.amazonaws.com/body/4fc5b40b-d9d0-401c-877f-3f5a67cbad00_com--unscreen%20%2812%29.gif',7),(17,'2022-11-03 06:45:55','https://htm-ssafy.s3.ap-northeast-2.amazonaws.com/body/88949a34-eb08-400f-9449-a2036ebb3b8e_bi.mp4',7),(18,'2022-11-03 06:49:24','https://htm-ssafy.s3.ap-northeast-2.amazonaws.com/body/acef0773-b49c-4ef3-b544-171f14ce4e3d_bicy.gif',7),(19,'2022-11-03 08:37:59','https://htm-ssafy.s3.ap-northeast-2.amazonaws.com/body/c70d1fed-3a08-466f-9c08-4acc5af22960_%ED%9E%88%EC%84%9C%EB%8B%88.jpg',1),(20,'2022-11-03 17:52:41','https://htm-ssafy.s3.ap-northeast-2.amazonaws.com/body/c3059353-63a9-4c4f-b582-83635f89379d_cat.jpg',1),(21,'2022-11-03 17:58:43','https://htm-ssafy.s3.ap-northeast-2.amazonaws.com/body/2a031f93-d4e5-40eb-9ed4-c788bc3d1ac8_%EC%87%BC%EC%BD%9C%EB%9D%BC%EB%8C%80%EC%86%8C%EB%8F%99.png',1),(22,'2022-11-04 09:19:56','https://htm-ssafy.s3.ap-northeast-2.amazonaws.com/body/e0697e30-691c-4b0e-b778-a4ac7ac7561b_%EC%87%BC%EC%BD%9C%EB%9D%BC%EB%8C%80%EC%86%8C%EB%8F%99.png',1),(23,'2022-11-04 11:01:02','https://htm-ssafy.s3.ap-northeast-2.amazonaws.com/body/627eba46-72d1-45d5-8051-dd48cb16a5d8_cat.jpg',1),(24,'2022-11-04 11:03:16','https://htm-ssafy.s3.ap-northeast-2.amazonaws.com/body/c1e2b636-3943-416c-8596-21aa107878d4_test.jpeg',2),(25,'2022-11-04 11:03:43','https://htm-ssafy.s3.ap-northeast-2.amazonaws.com/body/06286b51-6c63-4550-82d7-97e039f9f447_b_1667527499906.jpeg',2),(26,'2022-11-04 12:22:27','https://htm-ssafy.s3.ap-northeast-2.amazonaws.com/body/f86029c8-7dab-4f09-9d2c-982aa1dabd24_b_1667532224439.jpeg',2),(27,'2022-11-04 12:22:50','https://htm-ssafy.s3.ap-northeast-2.amazonaws.com/body/44975151-fa9a-4893-814f-befa970803f4_b_1667532246949.jpeg',2),(28,'2022-11-04 12:24:10','https://htm-ssafy.s3.ap-northeast-2.amazonaws.com/body/45368759-776b-4a99-9862-a1d69e1f2a0e_b_1667532327144.jpeg',2),(29,'2022-11-08 15:22:46','https://htm-ssafy.s3.ap-northeast-2.amazonaws.com/body/b26fe2cd-38be-4b00-b24d-6b8b50548b6e_cute%20s-2090925091.png',5),(30,'2022-11-08 15:34:27','https://htm-ssafy.s3.ap-northeast-2.amazonaws.com/body/23bf8578-df02-4618-9222-a9228f204b2c_image.png',5),(31,'2022-11-09 17:15:01','https://htm-ssafy.s3.ap-northeast-2.amazonaws.com/body/c81c4b92-bcad-459c-9d6f-7eeeb35194a1_b_1667981787043.jpeg',2),(32,'2022-11-09 17:15:56','https://htm-ssafy.s3.ap-northeast-2.amazonaws.com/body/2f5a001a-4ec0-47c6-baca-655254f01584_b_1667981843031.jpeg',2),(33,'2022-11-09 17:16:42','https://htm-ssafy.s3.ap-northeast-2.amazonaws.com/body/668092bd-dfc0-4222-8dca-af2e5b8f7938_b_1667981888799.jpeg',2),(34,'2022-11-09 17:21:49','https://htm-ssafy.s3.ap-northeast-2.amazonaws.com/body/725381e5-6131-47c0-b856-1fe7d2f555c0_b_1667982195533.jpeg',2),(35,'2022-11-09 17:22:02','https://htm-ssafy.s3.ap-northeast-2.amazonaws.com/body/0fa97c22-4da3-4b56-8f27-7e8e3520e289_b_1667982208609.jpeg',2),(36,'2022-11-09 17:22:38','https://htm-ssafy.s3.ap-northeast-2.amazonaws.com/body/3e28676b-d184-4f28-9b68-b753e98c534c_b_1667982244798.jpeg',2),(37,'2022-11-09 17:22:49','https://htm-ssafy.s3.ap-northeast-2.amazonaws.com/body/c37a90ed-4f03-4c68-965a-5ee65a2a96b6_b_1667982256003.jpeg',2),(38,'2022-11-09 17:23:12','https://htm-ssafy.s3.ap-northeast-2.amazonaws.com/body/9d146c09-5f24-415a-898c-4fbd0bde45d1_b_1667982278511.jpeg',2),(39,'2022-11-09 17:24:11','https://htm-ssafy.s3.ap-northeast-2.amazonaws.com/body/f51493c2-8070-41b7-b03f-e18349fe8156_b_1667982337806.jpeg',2),(40,'2022-11-09 17:53:10','https://htm-ssafy.s3.ap-northeast-2.amazonaws.com/body/f18786d8-3f66-4371-bb05-3f323e7781ec_b_1667984076299.jpeg',2),(41,'2022-11-10 09:28:22','https://htm-ssafy.s3.ap-northeast-2.amazonaws.com/body/125421bc-d54c-4a3b-9d64-93c0a5456441_a_1668040190419.jpeg',1),(42,'2022-11-10 10:52:33','https://htm-ssafy.s3.ap-northeast-2.amazonaws.com/body/f6fe1496-0d33-476f-91b2-424d50259078_a_1668045242280.jpeg',1),(43,'2022-11-10 10:53:24','https://htm-ssafy.s3.ap-northeast-2.amazonaws.com/body/2bec5750-20ef-4964-8be8-0dac7ee8fe43_a_1668045293033.jpeg',1),(44,'2022-11-10 11:03:13','https://htm-ssafy.s3.ap-northeast-2.amazonaws.com/body/7e88883e-ca79-4cda-8a9b-ddf540398b7f_b_1668045881730.jpeg',2),(45,'2022-11-10 11:04:34','https://htm-ssafy.s3.ap-northeast-2.amazonaws.com/body/86bb8fd3-58c3-4bfc-a31b-dadfafef61be_b_1668045963070.jpeg',2),(46,'2022-11-10 11:05:32','https://htm-ssafy.s3.ap-northeast-2.amazonaws.com/body/e80ea678-5c4b-4c0f-8ec0-0379f19f765f_b_1668046021447.jpeg',2),(47,'2022-11-10 11:05:57','https://htm-ssafy.s3.ap-northeast-2.amazonaws.com/body/a47edb24-c753-4402-99ae-251be9cdfc3e_b_1668046045514.jpeg',2),(48,'2022-11-10 11:06:29','https://htm-ssafy.s3.ap-northeast-2.amazonaws.com/body/3f0a59e3-e403-4061-92fc-67a25a88fc35_b_1668046077585.jpeg',2),(49,'2022-11-10 17:16:12','https://htm-ssafy.s3.ap-northeast-2.amazonaws.com/body/0e868a8c-afe1-4506-b6de-96a062c47704_b_1668068260599.jpeg',2),(50,'2022-11-10 17:17:09','https://htm-ssafy.s3.ap-northeast-2.amazonaws.com/body/cc0f7e7e-195e-45a1-971e-a67fd0d035ba_b_1668068317974.jpeg',2),(51,'2022-11-14 16:37:04','https://htm-ssafy.s3.ap-northeast-2.amazonaws.com/body/d03aa1ec-0f22-461b-978d-eb83f8860cc1_b_1668411423833.jpeg',2),(52,'2022-11-14 16:37:41','https://htm-ssafy.s3.ap-northeast-2.amazonaws.com/body/d3a45208-6e84-4c6a-911c-991395ac114c_b_1668411461163.jpeg',2),(53,'2022-11-14 16:37:41','https://htm-ssafy.s3.ap-northeast-2.amazonaws.com/body/2042e9c1-fb19-47f3-9127-85f7e1c3ee36_b_1668411461303.jpeg',2),(54,'2022-11-14 16:43:27','https://htm-ssafy.s3.ap-northeast-2.amazonaws.com/body/d1936a16-93f4-44b0-b98a-9f3bb940e95a_b_1668411806702.jpeg',2),(55,'2022-11-14 16:45:51','https://htm-ssafy.s3.ap-northeast-2.amazonaws.com/body/de8ca230-7e52-47df-a028-af823a4f04d4_b_1668411951100.jpeg',2),(56,'2022-11-14 17:25:34','https://htm-ssafy.s3.ap-northeast-2.amazonaws.com/body/edffe811-97ce-4eff-9da4-010e861625b5_com--unscreen%20%2816%29.gif',1),(57,'2022-11-14 17:29:30','https://htm-ssafy.s3.ap-northeast-2.amazonaws.com/body/d073c9a4-3815-4a62-88a1-9506a88cc4fb_b_1668414667466.jpeg',2),(58,'2022-11-14 17:35:55','https://htm-ssafy.s3.ap-northeast-2.amazonaws.com/body/24cde81d-5e2c-4ef0-8d28-fa07a34749f4_com--unscreen%20%2817%29.gif',1),(59,'2022-11-14 17:37:00','https://htm-ssafy.s3.ap-northeast-2.amazonaws.com/body/ed8e8197-d3ea-423a-b9dd-fdcfee968b9c_com--unscreen%20%2818%29.gif',1),(60,'2022-11-14 17:38:23','https://htm-ssafy.s3.ap-northeast-2.amazonaws.com/body/0ff740a5-071b-43fe-b1de-8214efd5f034_com--unscreen%20%2819%29.gif',1),(61,'2022-11-14 17:39:16','https://htm-ssafy.s3.ap-northeast-2.amazonaws.com/body/a2663ab7-1c7d-437c-88c9-ca80275212af_com--unscreen%20%2820%29.gif',1),(62,'2022-11-14 20:46:03','https://htm-ssafy.s3.ap-northeast-2.amazonaws.com/body/000aca2a-d9c7-4941-9b23-eabbc5898eea_b_1668426361403.jpeg',2),(63,'2022-11-14 20:46:20','https://htm-ssafy.s3.ap-northeast-2.amazonaws.com/body/97914071-cda3-4e97-808c-4ea04da244c9_b_1668426378556.jpeg',2),(64,'2022-11-14 20:46:34','https://htm-ssafy.s3.ap-northeast-2.amazonaws.com/body/a738c5f4-e00f-4535-9089-c9378c27d350_b_1668426392560.jpeg',2),(65,'2022-11-14 22:51:22','https://htm-ssafy.s3.ap-northeast-2.amazonaws.com/body/4a88eadb-4e1b-4d14-9270-97be8d6a593f_b_1668433880419.jpeg',2),(66,'2022-11-14 23:12:19','https://htm-ssafy.s3.ap-northeast-2.amazonaws.com/body/f8ade4b4-782b-4e62-9293-54e2c54fc426_b_1668435137370.jpeg',2),(67,'2022-11-14 23:13:13','https://htm-ssafy.s3.ap-northeast-2.amazonaws.com/body/9b101ca8-f8b7-4cf4-bdcb-4525606463d7_b_1668435191920.jpeg',2),(68,'2022-11-14 23:15:21','https://htm-ssafy.s3.ap-northeast-2.amazonaws.com/body/3e177e95-337b-45e5-9742-2a9a2f86301e_b_1668435319631.jpeg',2),(69,'2022-11-14 23:15:39','https://htm-ssafy.s3.ap-northeast-2.amazonaws.com/body/6b5f182e-ded4-45b0-a2f9-5fb65eb7a7bf_b_1668435337144.jpeg',2),(70,'2022-11-14 23:16:47','https://htm-ssafy.s3.ap-northeast-2.amazonaws.com/body/f86c433f-cc02-4257-b140-b61275c77851_b_1668435405479.jpeg',2),(71,'2022-11-14 23:18:13','https://htm-ssafy.s3.ap-northeast-2.amazonaws.com/body/d31c6919-7d22-4c16-a3bd-c4acefe33364_b_1668435491395.jpeg',2),(72,'2022-11-14 23:19:34','https://htm-ssafy.s3.ap-northeast-2.amazonaws.com/body/839e9a09-f6d2-4720-8ce0-f380fb9f82e4_b_1668435572756.jpeg',2),(73,'2022-11-14 23:21:11','https://htm-ssafy.s3.ap-northeast-2.amazonaws.com/body/da9db96b-d079-4849-b76d-57037adc20c8_b_1668435669411.jpeg',2),(74,'2022-11-14 23:23:46','https://htm-ssafy.s3.ap-northeast-2.amazonaws.com/body/e4bfb3a5-d471-450b-abaf-2d8f6d152197_b_1668435825019.jpeg',2),(75,'2022-11-14 23:30:11','https://htm-ssafy.s3.ap-northeast-2.amazonaws.com/body/43faf0c6-0c5e-4eaf-8667-2e496aa71490_b_1668436209624.jpeg',2),(76,'2022-11-15 00:12:55','https://htm-ssafy.s3.ap-northeast-2.amazonaws.com/body/09dd8758-5234-4891-9079-8c6193142619_b_1668438773645.jpeg',2),(77,'2022-11-15 10:01:20','https://htm-ssafy.s3.ap-northeast-2.amazonaws.com/body/43922b67-1e7a-4988-b568-bd729092d10a_b_1668474177381.jpeg',2),(78,'2022-11-15 14:01:18','https://htm-ssafy.s3.ap-northeast-2.amazonaws.com/body/5e52c48d-5df4-468a-9bfa-ca0703b26daa_b_1668488460837.jpeg',2),(79,'2022-11-15 14:01:33','https://htm-ssafy.s3.ap-northeast-2.amazonaws.com/body/5ff401de-843a-428d-9d23-c2b80e5c7427_b_1668488476382.jpeg',2),(80,'2022-11-15 14:01:51','https://htm-ssafy.s3.ap-northeast-2.amazonaws.com/body/84895213-7ce6-48f2-be18-25c581db4f0f_b_1668488494230.jpeg',2),(81,'2022-11-15 16:00:53','https://htm-ssafy.s3.ap-northeast-2.amazonaws.com/body/e2c8736c-4bea-4d26-9b1f-3e959feda5cb_b_1668495751135.jpeg',2),(82,'2022-11-16 16:30:29','https://htm-ssafy.s3.ap-northeast-2.amazonaws.com/body/cfffd798-c989-4829-b585-9385ba6aa5c7_b_1668583928900.jpeg',2),(83,'2022-11-16 16:33:05','https://htm-ssafy.s3.ap-northeast-2.amazonaws.com/body/210477fb-9672-447e-b366-a05eaa4753b2_b_1668584086101.jpeg',2),(84,'2022-11-16 16:33:15','https://htm-ssafy.s3.ap-northeast-2.amazonaws.com/body/a274f0ec-814d-44fa-b0f9-c0fb8c2edcd9_b_1668584096008.jpeg',2),(85,'2022-11-16 16:34:29','https://htm-ssafy.s3.ap-northeast-2.amazonaws.com/body/047107ae-e978-4835-806c-2604292e5a33_b_1668584169595.jpeg',2),(86,'2022-11-16 16:35:29','https://htm-ssafy.s3.ap-northeast-2.amazonaws.com/body/a9c4fdef-a2c4-48a0-b955-215c7b592a7e_b_1668584230082.jpeg',2),(87,'2022-11-16 16:36:43','https://htm-ssafy.s3.ap-northeast-2.amazonaws.com/body/0a401849-024e-40d2-9e97-f01d574e2551_b_1668584303753.jpeg',2),(88,'2022-11-16 16:37:13','https://htm-ssafy.s3.ap-northeast-2.amazonaws.com/body/d91fc567-a625-44e0-b9f7-8d4ae416e439_b_1668584333995.jpeg',2),(89,'2022-11-16 16:38:16','https://htm-ssafy.s3.ap-northeast-2.amazonaws.com/body/dd0e9354-aa35-4035-9abf-3617e0acebd5_b_1668584396732.jpeg',2),(90,'2022-11-16 16:38:53','https://htm-ssafy.s3.ap-northeast-2.amazonaws.com/body/ac787c9e-b2e9-495c-b0e4-888662a000a5_b_1668584433440.jpeg',2),(91,'2022-11-16 16:39:29','https://htm-ssafy.s3.ap-northeast-2.amazonaws.com/body/dbc764cb-a659-4713-ada4-cc9ea856be19_b_1668584470131.jpeg',2),(92,'2022-11-16 16:40:04','https://htm-ssafy.s3.ap-northeast-2.amazonaws.com/body/2d774219-fc57-443f-843f-d5be62cd25fd_b_1668584504296.jpeg',2),(93,'2022-11-16 17:18:39','https://htm-ssafy.s3.ap-northeast-2.amazonaws.com/body/d36920ff-0cfc-4572-a20d-6e9ddf64d7fc_b_1668586819962.jpeg',2),(94,'2022-11-16 17:18:56','https://htm-ssafy.s3.ap-northeast-2.amazonaws.com/body/f578bd4b-9614-4e19-aebb-14e093d4b83e_b_1668586837012.jpeg',2),(95,'2022-11-16 17:19:12','https://htm-ssafy.s3.ap-northeast-2.amazonaws.com/body/0ad3b2fb-fa46-4fcc-8d97-946aa4249e95_b_1668586853123.jpeg',2),(96,'2022-11-16 17:19:43','https://htm-ssafy.s3.ap-northeast-2.amazonaws.com/body/158afe57-2d7b-48ce-a369-39079d91bbae_b_1668586884278.jpeg',2),(97,'2022-11-16 17:20:04','https://htm-ssafy.s3.ap-northeast-2.amazonaws.com/body/d59faadb-f33e-4ccd-9b43-f14108aedd77_b_1668586904714.jpeg',2),(98,'2022-11-16 17:21:41','https://htm-ssafy.s3.ap-northeast-2.amazonaws.com/body/5d05ff60-dd07-450b-9bc6-ec27cbdb4696_b_1668587002151.jpeg',2),(99,'2022-11-17 10:52:29','https://htm-ssafy.s3.ap-northeast-2.amazonaws.com/body/6b60d4f1-145c-4228-9342-5eca092a5c74_b_1668650050013.jpeg',2),(100,'2022-11-17 10:56:46','https://htm-ssafy.s3.ap-northeast-2.amazonaws.com/body/3465b5cc-aa6e-4721-8d6a-e075d6162aa0_b_1668650307716.jpeg',2),(101,'2022-11-17 10:57:05','https://htm-ssafy.s3.ap-northeast-2.amazonaws.com/body/b1afc27c-1ea0-4936-be30-8d184536d1ca_b_1668650326576.jpeg',2),(102,'2022-11-17 10:57:30','https://htm-ssafy.s3.ap-northeast-2.amazonaws.com/body/e674699f-c22a-43c7-8c55-369f3cbdae67_b_1668650352113.jpeg',2),(103,'2022-11-17 10:57:56','https://htm-ssafy.s3.ap-northeast-2.amazonaws.com/body/49053f07-1e9d-40a2-8ecf-4235e3d4eb87_b_1668650377957.jpeg',2),(104,'2022-11-17 10:58:45','https://htm-ssafy.s3.ap-northeast-2.amazonaws.com/body/2224fee6-6ab7-499d-9029-f81773b167fb_b_1668650426575.jpeg',2),(105,'2022-11-17 10:59:08','https://htm-ssafy.s3.ap-northeast-2.amazonaws.com/body/30feff05-d96b-47fb-b210-44029dce323a_b_1668650450302.jpeg',2),(106,'2022-11-17 10:59:20','https://htm-ssafy.s3.ap-northeast-2.amazonaws.com/body/ef988182-290c-4237-811e-07c8d8149af8_b_1668650461813.jpeg',2),(107,'2022-11-17 11:00:32','https://htm-ssafy.s3.ap-northeast-2.amazonaws.com/body/db59c8d0-9c18-4ad4-b585-35dceab51109_b_1668650533217.jpeg',2),(108,'2022-11-17 11:00:45','https://htm-ssafy.s3.ap-northeast-2.amazonaws.com/body/09064c02-efad-49f3-af7e-122b2e779a25_b_1668650546543.jpeg',2),(109,'2022-11-17 11:01:01','https://htm-ssafy.s3.ap-northeast-2.amazonaws.com/body/2424b083-64b8-4647-b341-57c7d2cafb51_b_1668650562168.jpeg',2),(110,'2022-11-17 11:02:09','https://htm-ssafy.s3.ap-northeast-2.amazonaws.com/body/fe54194d-b4cb-4922-8157-f2e083c5587a_b_1668650630064.jpeg',2),(111,'2022-11-17 11:02:34','https://htm-ssafy.s3.ap-northeast-2.amazonaws.com/body/9a96588e-eb38-4b7a-90b1-77ca43821478_b_1668650655459.jpeg',2),(112,'2022-11-17 11:02:45','https://htm-ssafy.s3.ap-northeast-2.amazonaws.com/body/78814ecb-6013-4e02-ad9a-0e4a86b8b48f_b_1668650666480.jpeg',2),(113,'2022-11-17 11:02:55','https://htm-ssafy.s3.ap-northeast-2.amazonaws.com/body/26a0537e-6aca-40e6-9265-940365e41f0c_b_1668650677131.jpeg',2),(114,'2022-11-17 11:03:06','https://htm-ssafy.s3.ap-northeast-2.amazonaws.com/body/27d99769-5467-421e-bc32-6dd4a0d70924_b_1668650687558.jpeg',2),(115,'2022-11-17 11:03:16','https://htm-ssafy.s3.ap-northeast-2.amazonaws.com/body/addda584-7d1f-43fb-8210-595e78a4e5ba_b_1668650698256.jpeg',2),(116,'2022-11-17 11:03:27','https://htm-ssafy.s3.ap-northeast-2.amazonaws.com/body/9867c38f-a84f-478f-8783-11a521ee5b7d_b_1668650709205.jpeg',2),(117,'2022-11-17 11:03:40','https://htm-ssafy.s3.ap-northeast-2.amazonaws.com/body/ee7ecb8d-72b9-4dd3-811e-b9190821c6df_b_1668650721453.jpeg',2),(118,'2022-11-17 11:03:58','https://htm-ssafy.s3.ap-northeast-2.amazonaws.com/body/2547d375-7415-4182-a2c2-05f83f81c3d7_b_1668650738977.jpeg',2),(119,'2022-11-17 11:04:08','https://htm-ssafy.s3.ap-northeast-2.amazonaws.com/body/b301479c-fee5-416a-b425-ceef9d867751_b_1668650749267.jpeg',2),(120,'2022-11-17 11:08:55','https://htm-ssafy.s3.ap-northeast-2.amazonaws.com/body/891f3844-84b5-418e-bb0a-5f11430de963_b_1668651036799.jpeg',2),(121,'2022-11-17 11:09:59','https://htm-ssafy.s3.ap-northeast-2.amazonaws.com/body/2499f1ed-dcbc-4160-aa80-37821f55e40a_b_1668651099805.jpeg',2),(122,'2022-11-17 11:13:24','https://htm-ssafy.s3.ap-northeast-2.amazonaws.com/body/ad92c0a0-3d56-4d73-975f-0b36a921d771_b_1668651305010.jpeg',2),(123,'2022-11-17 11:13:38','https://htm-ssafy.s3.ap-northeast-2.amazonaws.com/body/381c176a-f5f2-4ced-b071-2b3d2e1fb96d_b_1668651319927.jpeg',2),(124,'2022-11-17 12:28:10','https://htm-ssafy.s3.ap-northeast-2.amazonaws.com/body/b359de51-035f-4d1c-96da-b679bb611a3b_b_1668655792358.jpeg',2),(125,'2022-11-17 12:30:18','https://htm-ssafy.s3.ap-northeast-2.amazonaws.com/body/f6204081-72b7-4061-8747-af060a12f0cc_b_1668655920157.jpeg',2),(126,'2022-11-17 12:35:46','https://htm-ssafy.s3.ap-northeast-2.amazonaws.com/body/efed0ef5-b5eb-49a5-84d7-6f58307470cd_b_1668656247302.jpeg',2),(127,'2022-11-17 14:04:44','https://htm-ssafy.s3.ap-northeast-2.amazonaws.com/body/6eb8f58c-ff55-4259-994c-7107894bde58_b_1668661585364.jpeg',2),(128,'2022-11-17 15:01:36','https://htm-ssafy.s3.ap-northeast-2.amazonaws.com/body/b41d8ce5-c385-4cb7-8a75-cd615311788b_b_1668664894344.jpeg',2),(129,'2022-11-17 15:29:59','https://htm-ssafy.s3.ap-northeast-2.amazonaws.com/body/98b145ba-b97c-4d84-96a3-9e78c0fbf861_happy.png',2),(130,'2022-11-17 15:32:35','https://htm-ssafy.s3.ap-northeast-2.amazonaws.com/body/53a6793f-1b84-4ff1-b6ec-c7e32ae54788_happy.png',2),(131,'2022-11-17 15:34:01','https://htm-ssafy.s3.ap-northeast-2.amazonaws.com/body/37d1f8d6-aeb0-4b70-9f00-1335819a0e91_happy.png',2),(132,'2022-11-17 15:34:47','https://htm-ssafy.s3.ap-northeast-2.amazonaws.com/body/d5075de6-e983-48b2-aa2b-a28c80582c1c_%EC%87%BC%EC%BD%9C%EB%9D%BC%EB%8C%80%EC%86%8C%EB%8F%99.png',1),(140,'2022-11-17 17:45:19','https://htm-ssafy.s3.ap-northeast-2.amazonaws.com/body/0378ccf7-b013-4921-8cdf-5287c33054ae_helennaby_1668674719058.jpeg',5),(141,'2022-11-17 17:45:54','https://htm-ssafy.s3.ap-northeast-2.amazonaws.com/body/0d4d9dc2-7aee-4eca-8e40-cb841df18559_helennaby_1668674754085.jpeg',5),(149,'2022-11-18 18:51:26','https://htm-ssafy.s3.ap-northeast-2.amazonaws.com/body/c6ad4669-83d4-4308-ae37-c6824da3a171_helennaby_1668765085324.jpeg',5),(150,'2022-11-18 19:00:58','https://htm-ssafy.s3.ap-northeast-2.amazonaws.com/body/01387e00-f7a8-4651-841e-ca2a6985cad4_helennaby_1668765657602.jpeg',5),(152,'2022-11-18 19:53:34','https://htm-ssafy.s3.ap-northeast-2.amazonaws.com/body/205b319c-ad5c-4be7-8c72-216381482b18_helennaby_1668768813396.jpeg',5),(154,'2022-11-19 22:25:56','https://htm-ssafy.s3.ap-northeast-2.amazonaws.com/body/0d4d9dc2-7aee-4eca-8e40-cb841df18559_helennaby_1668674754085.jpeg',5),(155,'2022-11-20 22:25:56','https://htm-ssafy.s3.ap-northeast-2.amazonaws.com/body/205b319c-ad5c-4be7-8c72-216381482b18_helennaby_1668768813396.jpeg',5);
/*!40000 ALTER TABLE `picture` ENABLE KEYS */;
UNLOCK TABLES;

--
-- Table structure for table `record`
--

DROP TABLE IF EXISTS `record`;
/*!40101 SET @saved_cs_client     = @@character_set_client */;
/*!50503 SET character_set_client = utf8mb4 */;
CREATE TABLE `record` (
  `record_id` bigint NOT NULL AUTO_INCREMENT,
  `done_set_num` int NOT NULL,
  `end_datetime` datetime DEFAULT NULL,
  `routine_string` mediumtext,
  `start_datetime` datetime DEFAULT NULL,
  `user_id` bigint DEFAULT NULL,
  PRIMARY KEY (`record_id`),
  KEY `FKeny3549xar8rnrcmdw3hl0la1` (`user_id`),
  CONSTRAINT `FKeny3549xar8rnrcmdw3hl0la1` FOREIGN KEY (`user_id`) REFERENCES `user` (`user_id`)
) ENGINE=InnoDB AUTO_INCREMENT=58 DEFAULT CHARSET=utf8mb4 COLLATE=utf8mb4_0900_ai_ci;
/*!40101 SET character_set_client = @saved_cs_client */;

--
-- Dumping data for table `record`
--

LOCK TABLES `record` WRITE;
/*!40000 ALTER TABLE `record` DISABLE KEYS */;
INSERT INTO `record` VALUES (2,0,'2022-11-01 00:57:42','string','2022-11-01 00:57:42',3),(5,100,'2022-11-01 01:54:23','{\"name\":\"lunch\",\"username\":\"b\",\"sets\":[{\"exercise_id\":2,\"exercise_name\":\"running\",\"set_cnt\":0,\"number\":2,\"sec\":2},{\"exercise_id\":2,\"exercise_name\":\"running\",\"set_cnt\":0,\"number\":2,\"sec\":2},{\"exercise_id\":1,\"exercise_name\":\"squat\",\"set_cnt\":0,\"number\":2,\"sec\":2},{\"exercise_id\":1,\"exercise_name\":\"squat\",\"set_cnt\":0,\"number\":2,\"sec\":2}]}','2022-11-01 01:54:11',2),(7,63,'2022-11-01 02:11:31','{\"name\":\"lunch\",\"username\":\"b\",\"sets\":[{\"exercise_id\":2,\"exercise_name\":\"running\",\"url\":\"dsfa\",\"set_cnt\":0,\"number\":2,\"sec\":2},{\"exercise_id\":2,\"exercise_name\":\"running\",\"url\":\"dsfa\",\"set_cnt\":0,\"number\":2,\"sec\":2},{\"exercise_id\":1,\"exercise_name\":\"squat\",\"url\":\"http://commondatastorage.googleapis.com/gtv-videos-bucket/sample/ForBiggerJoyrides.mp4\",\"set_cnt\":0,\"number\":2,\"sec\":2},{\"exercise_id\":1,\"exercise_name\":\"squat\",\"url\":\"http://commondatastorage.googleapis.com/gtv-videos-bucket/sample/ForBiggerJoyrides.mp4\",\"set_cnt\":0,\"number\":2,\"sec\":2}]}','2022-11-01 02:11:19',2),(8,38,'2022-11-01 02:12:50','{\"name\":\"lunch\",\"username\":\"b\",\"sets\":[{\"exercise_id\":2,\"exercise_name\":\"running\",\"url\":\"dsfa\",\"set_cnt\":0,\"number\":2,\"sec\":2},{\"exercise_id\":2,\"exercise_name\":\"running\",\"url\":\"dsfa\",\"set_cnt\":0,\"number\":2,\"sec\":2},{\"exercise_id\":1,\"exercise_name\":\"squat\",\"url\":\"http://commondatastorage.googleapis.com/gtv-videos-bucket/sample/ForBiggerJoyrides.mp4\",\"set_cnt\":0,\"number\":2,\"sec\":2},{\"exercise_id\":1,\"exercise_name\":\"squat\",\"url\":\"http://commondatastorage.googleapis.com/gtv-videos-bucket/sample/ForBiggerJoyrides.mp4\",\"set_cnt\":0,\"number\":2,\"sec\":2}]}','2022-11-01 02:12:38',2),(9,50,'2022-11-01 03:11:29','{\"name\":\"lunch\",\"username\":\"b\",\"sets\":[{\"exercise_id\":2,\"exercise_name\":\"running\",\"url\":\"dsfa\",\"set_cnt\":0,\"number\":2,\"sec\":2},{\"exercise_id\":2,\"exercise_name\":\"running\",\"url\":\"dsfa\",\"set_cnt\":0,\"number\":2,\"sec\":2},{\"exercise_id\":1,\"exercise_name\":\"squat\",\"url\":\"http://commondatastorage.googleapis.com/gtv-videos-bucket/sample/ForBiggerJoyrides.mp4\",\"set_cnt\":0,\"number\":2,\"sec\":2},{\"exercise_id\":1,\"exercise_name\":\"squat\",\"url\":\"http://commondatastorage.googleapis.com/gtv-videos-bucket/sample/ForBiggerJoyrides.mp4\",\"set_cnt\":0,\"number\":2,\"sec\":2}]}','2022-11-01 03:11:17',2),(11,50,'2022-11-03 07:15:15','{\"name\":\"lunch\",\"username\":\"b\",\"sets\":[{\"exercise_id\":2,\"exercise_name\":\"squat\",\"url\":\"https://htm-ssafy.s3.ap-northeast-2.amazonaws.com/body/68e56a1d-e4bf-4a0a-92d2-ec628b99752b_com--unscreen.gif\",\"set_cnt\":0,\"number\":2,\"sec\":2},{\"exercise_id\":2,\"exercise_name\":\"squat\",\"url\":\"https://htm-ssafy.s3.ap-northeast-2.amazonaws.com/body/68e56a1d-e4bf-4a0a-92d2-ec628b99752b_com--unscreen.gif\",\"set_cnt\":0,\"number\":2,\"sec\":2},{\"exercise_id\":1,\"exercise_name\":\"rest\",\"url\":\"\",\"set_cnt\":0,\"number\":2,\"sec\":2},{\"exercise_id\":1,\"exercise_name\":\"rest\",\"url\":\"\",\"set_cnt\":0,\"number\":2,\"sec\":2}]}','2022-11-03 07:15:03',2),(12,22,'2022-11-03 09:35:47','{\"name\":\"lunch2\",\"username\":\"b\",\"sets\":[{\"exercise_id\":2,\"exercise_name\":\"squat\",\"url\":\"https://htm-ssafy.s3.ap-northeast-2.amazonaws.com/body/68e56a1d-e4bf-4a0a-92d2-ec628b99752b_com--unscreen.gif\",\"set_cnt\":0,\"number\":2,\"sec\":3},{\"exercise_id\":2,\"exercise_name\":\"squat\",\"url\":\"https://htm-ssafy.s3.ap-northeast-2.amazonaws.com/body/68e56a1d-e4bf-4a0a-92d2-ec628b99752b_com--unscreen.gif\",\"set_cnt\":0,\"number\":2,\"sec\":3},{\"exercise_id\":4,\"exercise_name\":\"lateral\",\"url\":\"https://htm-ssafy.s3.ap-northeast-2.amazonaws.com/body/3d1acc40-e495-41f2-862f-39db74997552_com--unscreen%20%285%29.gif\",\"set_cnt\":0,\"number\":1,\"sec\":10},{\"exercise_id\":1,\"exercise_name\":\"rest\",\"url\":\"\",\"set_cnt\":0,\"number\":3,\"sec\":5},{\"exercise_id\":1,\"exercise_name\":\"rest\",\"url\":\"\",\"set_cnt\":0,\"number\":3,\"sec\":5},{\"exercise_id\":1,\"exercise_name\":\"rest\",\"url\":\"\",\"set_cnt\":0,\"number\":3,\"sec\":5}]}','2022-11-03 09:35:10',2),(13,75,'2022-11-04 02:07:17','{\"name\":\"lunch\",\"username\":\"b\",\"sets\":[{\"exercise_id\":2,\"exercise_name\":\"squat\",\"url\":\"https://htm-ssafy.s3.ap-northeast-2.amazonaws.com/body/68e56a1d-e4bf-4a0a-92d2-ec628b99752b_com--unscreen.gif\",\"set_cnt\":0,\"number\":2,\"sec\":2},{\"exercise_id\":2,\"exercise_name\":\"squat\",\"url\":\"https://htm-ssafy.s3.ap-northeast-2.amazonaws.com/body/68e56a1d-e4bf-4a0a-92d2-ec628b99752b_com--unscreen.gif\",\"set_cnt\":0,\"number\":2,\"sec\":2},{\"exercise_id\":1,\"exercise_name\":\"rest\",\"url\":\"\",\"set_cnt\":0,\"number\":2,\"sec\":2},{\"exercise_id\":1,\"exercise_name\":\"rest\",\"url\":\"\",\"set_cnt\":0,\"number\":2,\"sec\":2}]}','2022-11-04 02:07:05',2),(14,17,'2022-11-09 03:37:57','{\"name\":\"lunch2\",\"username\":\"b\",\"sets\":[{\"exercise_id\":2,\"exercise_name\":\"스쿼트\",\"url\":\"https://htm-ssafy.s3.ap-northeast-2.amazonaws.com/body/68e56a1d-e4bf-4a0a-92d2-ec628b99752b_com--unscreen.gif\",\"set_cnt\":0,\"number\":2,\"sec\":3},{\"exercise_id\":2,\"exercise_name\":\"스쿼트\",\"url\":\"https://htm-ssafy.s3.ap-northeast-2.amazonaws.com/body/68e56a1d-e4bf-4a0a-92d2-ec628b99752b_com--unscreen.gif\",\"set_cnt\":0,\"number\":2,\"sec\":3},{\"exercise_id\":4,\"exercise_name\":\"레터럴 스텝\",\"url\":\"https://htm-ssafy.s3.ap-northeast-2.amazonaws.com/body/3d1acc40-e495-41f2-862f-39db74997552_com--unscreen%20%285%29.gif\",\"set_cnt\":0,\"number\":1,\"sec\":10},{\"exercise_id\":1,\"exercise_name\":\"휴식\",\"url\":\"\",\"set_cnt\":0,\"number\":3,\"sec\":5},{\"exercise_id\":1,\"exercise_name\":\"휴식\",\"url\":\"\",\"set_cnt\":0,\"number\":3,\"sec\":5},{\"exercise_id\":1,\"exercise_name\":\"휴식\",\"url\":\"\",\"set_cnt\":0,\"number\":3,\"sec\":5}]}','2022-11-09 03:37:20',2),(15,13,'2022-11-09 03:55:46','{\"name\":\"lunch\",\"username\":\"b\",\"sets\":[{\"exercise_id\":2,\"exercise_name\":\"스쿼트\",\"url\":\"https://htm-ssafy.s3.ap-northeast-2.amazonaws.com/body/68e56a1d-e4bf-4a0a-92d2-ec628b99752b_com--unscreen.gif\",\"set_cnt\":0,\"number\":2,\"sec\":2},{\"exercise_id\":2,\"exercise_name\":\"스쿼트\",\"url\":\"https://htm-ssafy.s3.ap-northeast-2.amazonaws.com/body/68e56a1d-e4bf-4a0a-92d2-ec628b99752b_com--unscreen.gif\",\"set_cnt\":0,\"number\":2,\"sec\":2},{\"exercise_id\":1,\"exercise_name\":\"휴식\",\"url\":\"\",\"set_cnt\":0,\"number\":2,\"sec\":2},{\"exercise_id\":1,\"exercise_name\":\"휴식\",\"url\":\"\",\"set_cnt\":0,\"number\":2,\"sec\":2}]}','2022-11-09 03:55:34',2),(16,33,'2022-11-09 08:55:35','{\"name\":\"lunch2\",\"username\":\"b\",\"sets\":[{\"exercise_id\":2,\"exercise_name\":\"스쿼트\",\"url\":\"https://htm-ssafy.s3.ap-northeast-2.amazonaws.com/body/68e56a1d-e4bf-4a0a-92d2-ec628b99752b_com--unscreen.gif\",\"set_cnt\":0,\"number\":2,\"sec\":3},{\"exercise_id\":2,\"exercise_name\":\"스쿼트\",\"url\":\"https://htm-ssafy.s3.ap-northeast-2.amazonaws.com/body/68e56a1d-e4bf-4a0a-92d2-ec628b99752b_com--unscreen.gif\",\"set_cnt\":0,\"number\":2,\"sec\":3},{\"exercise_id\":4,\"exercise_name\":\"레터럴 스텝\",\"url\":\"https://htm-ssafy.s3.ap-northeast-2.amazonaws.com/body/3d1acc40-e495-41f2-862f-39db74997552_com--unscreen%20%285%29.gif\",\"set_cnt\":0,\"number\":1,\"sec\":10},{\"exercise_id\":1,\"exercise_name\":\"휴식\",\"url\":\"\",\"set_cnt\":0,\"number\":3,\"sec\":5},{\"exercise_id\":1,\"exercise_name\":\"휴식\",\"url\":\"\",\"set_cnt\":0,\"number\":3,\"sec\":5},{\"exercise_id\":1,\"exercise_name\":\"휴식\",\"url\":\"\",\"set_cnt\":0,\"number\":3,\"sec\":5}]}','2022-11-09 08:54:50',2),(17,17,'2022-11-10 03:18:55','{\"name\":\"lunch2\",\"username\":\"b\",\"sets\":[{\"exercise_id\":2,\"exercise_name\":\"스쿼트\",\"url\":\"https://htm-ssafy.s3.ap-northeast-2.amazonaws.com/body/68e56a1d-e4bf-4a0a-92d2-ec628b99752b_com--unscreen.gif\",\"set_cnt\":0,\"number\":2,\"sec\":3},{\"exercise_id\":2,\"exercise_name\":\"스쿼트\",\"url\":\"https://htm-ssafy.s3.ap-northeast-2.amazonaws.com/body/68e56a1d-e4bf-4a0a-92d2-ec628b99752b_com--unscreen.gif\",\"set_cnt\":0,\"number\":2,\"sec\":3},{\"exercise_id\":4,\"exercise_name\":\"레터럴 스텝\",\"url\":\"https://htm-ssafy.s3.ap-northeast-2.amazonaws.com/body/3d1acc40-e495-41f2-862f-39db74997552_com--unscreen%20%285%29.gif\",\"set_cnt\":0,\"number\":1,\"sec\":10},{\"exercise_id\":1,\"exercise_name\":\"휴식\",\"url\":\"\",\"set_cnt\":0,\"number\":3,\"sec\":5},{\"exercise_id\":1,\"exercise_name\":\"휴식\",\"url\":\"\",\"set_cnt\":0,\"number\":3,\"sec\":5},{\"exercise_id\":1,\"exercise_name\":\"휴식\",\"url\":\"\",\"set_cnt\":0,\"number\":3,\"sec\":5}]}','2022-11-10 03:18:38',2),(18,17,'2022-11-14 12:55:35','{\"name\":\"lunch2\",\"username\":\"b\",\"sets\":[{\"exercise_id\":2,\"exercise_name\":\"스쿼트\",\"url\":\"https://htm-ssafy.s3.ap-northeast-2.amazonaws.com/body/edffe811-97ce-4eff-9da4-010e861625b5_com--unscreen%20%2816%29.gif\",\"set_cnt\":0,\"number\":2,\"sec\":3},{\"exercise_id\":2,\"exercise_name\":\"스쿼트\",\"url\":\"https://htm-ssafy.s3.ap-northeast-2.amazonaws.com/body/edffe811-97ce-4eff-9da4-010e861625b5_com--unscreen%20%2816%29.gif\",\"set_cnt\":0,\"number\":2,\"sec\":3},{\"exercise_id\":4,\"exercise_name\":\"레터럴 스텝\",\"url\":\"https://htm-ssafy.s3.ap-northeast-2.amazonaws.com/body/ed8e8197-d3ea-423a-b9dd-fdcfee968b9c_com--unscreen%20%2818%29.gif\",\"set_cnt\":0,\"number\":1,\"sec\":10},{\"exercise_id\":1,\"exercise_name\":\"휴식\",\"url\":\"\",\"set_cnt\":0,\"number\":3,\"sec\":5},{\"exercise_id\":1,\"exercise_name\":\"휴식\",\"url\":\"\",\"set_cnt\":0,\"number\":3,\"sec\":5},{\"exercise_id\":1,\"exercise_name\":\"휴식\",\"url\":\"\",\"set_cnt\":0,\"number\":3,\"sec\":5}]}','2022-11-14 12:54:50',2),(19,17,'2022-11-17 00:47:24','{\"name\":\"lunch2\",\"username\":\"b\",\"sets\":[{\"exercise_id\":2,\"exercise_name\":\"스쿼트\",\"url\":\"https://htm-ssafy.s3.ap-northeast-2.amazonaws.com/body/edffe811-97ce-4eff-9da4-010e861625b5_com--unscreen%20%2816%29.gif\",\"set_cnt\":0,\"number\":2,\"sec\":4},{\"exercise_id\":2,\"exercise_name\":\"스쿼트\",\"url\":\"https://htm-ssafy.s3.ap-northeast-2.amazonaws.com/body/edffe811-97ce-4eff-9da4-010e861625b5_com--unscreen%20%2816%29.gif\",\"set_cnt\":0,\"number\":2,\"sec\":4},{\"exercise_id\":4,\"exercise_name\":\"레터럴 스텝\",\"url\":\"https://htm-ssafy.s3.ap-northeast-2.amazonaws.com/body/ed8e8197-d3ea-423a-b9dd-fdcfee968b9c_com--unscreen%20%2818%29.gif\",\"set_cnt\":0,\"number\":1,\"sec\":4},{\"exercise_id\":1,\"exercise_name\":\"휴식\",\"url\":\"\",\"set_cnt\":0,\"number\":3,\"sec\":4},{\"exercise_id\":1,\"exercise_name\":\"휴식\",\"url\":\"\",\"set_cnt\":0,\"number\":3,\"sec\":4},{\"exercise_id\":1,\"exercise_name\":\"휴식\",\"url\":\"\",\"set_cnt\":0,\"number\":3,\"sec\":4}]}','2022-11-17 00:46:18',2),(20,33,'2022-11-17 16:20:27','{\"name\":\"hii\",\"username\":\"helennaby\",\"sets\":[{\"exercise_id\":8,\"exercise_name\":\"마운틴 클라이머\",\"url\":\"https://htm-ssafy.s3.ap-northeast-2.amazonaws.com/body/exercise/mountainClip-unscreen.gif\",\"set_cnt\":0,\"number\":2,\"sec\":0},{\"exercise_id\":8,\"exercise_name\":\"마운틴 클라이머\",\"url\":\"https://htm-ssafy.s3.ap-northeast-2.amazonaws.com/body/exercise/mountainClip-unscreen.gif\",\"set_cnt\":0,\"number\":2,\"sec\":0},{\"exercise_id\":1,\"exercise_name\":\"휴식\",\"url\":\"\",\"set_cnt\":0,\"number\":0,\"sec\":10},{\"exercise_id\":9,\"exercise_name\":\"크런치\",\"url\":\"https://htm-ssafy.s3.ap-northeast-2.amazonaws.com/body/exercise/crunchClip-unscreen.gif\",\"set_cnt\":0,\"number\":1,\"sec\":0},{\"exercise_id\":9,\"exercise_name\":\"크런치\",\"url\":\"https://htm-ssafy.s3.ap-northeast-2.amazonaws.com/body/exercise/crunchClip-unscreen.gif\",\"set_cnt\":0,\"number\":1,\"sec\":0},{\"exercise_id\":1,\"exercise_name\":\"휴식\",\"url\":\"\",\"set_cnt\":0,\"number\":0,\"sec\":10}]}','2022-11-17 16:19:51',5),(21,33,'2022-11-17 16:21:56','{\"name\":\"hii\",\"username\":\"helennaby\",\"sets\":[{\"exercise_id\":8,\"exercise_name\":\"마운틴 클라이머\",\"url\":\"https://htm-ssafy.s3.ap-northeast-2.amazonaws.com/body/exercise/mountainClip-unscreen.gif\",\"set_cnt\":0,\"number\":2,\"sec\":0},{\"exercise_id\":8,\"exercise_name\":\"마운틴 클라이머\",\"url\":\"https://htm-ssafy.s3.ap-northeast-2.amazonaws.com/body/exercise/mountainClip-unscreen.gif\",\"set_cnt\":0,\"number\":2,\"sec\":0},{\"exercise_id\":1,\"exercise_name\":\"휴식\",\"url\":\"\",\"set_cnt\":0,\"number\":0,\"sec\":10},{\"exercise_id\":9,\"exercise_name\":\"크런치\",\"url\":\"https://htm-ssafy.s3.ap-northeast-2.amazonaws.com/body/exercise/crunchClip-unscreen.gif\",\"set_cnt\":0,\"number\":1,\"sec\":0},{\"exercise_id\":9,\"exercise_name\":\"크런치\",\"url\":\"https://htm-ssafy.s3.ap-northeast-2.amazonaws.com/body/exercise/crunchClip-unscreen.gif\",\"set_cnt\":0,\"number\":1,\"sec\":0},{\"exercise_id\":1,\"exercise_name\":\"휴식\",\"url\":\"\",\"set_cnt\":0,\"number\":0,\"sec\":10}]}','2022-11-17 16:21:20',5),(22,6,'2022-11-17 16:24:27','{\"name\":\"lunch2\",\"username\":\"b\",\"sets\":[{\"exercise_id\":11,\"exercise_name\":\"바이시클 크런치\",\"url\":\"https://htm-ssafy.s3.ap-northeast-2.amazonaws.com/body/exercise/bicycleClip-unscreen.gif\",\"set_cnt\":0,\"number\":2,\"sec\":4},{\"exercise_id\":11,\"exercise_name\":\"바이시클 크런치\",\"url\":\"https://htm-ssafy.s3.ap-northeast-2.amazonaws.com/body/exercise/bicycleClip-unscreen.gif\",\"set_cnt\":0,\"number\":2,\"sec\":4},{\"exercise_id\":2,\"exercise_name\":\"스쿼트\",\"url\":\"https://htm-ssafy.s3.ap-northeast-2.amazonaws.com/body/edffe811-97ce-4eff-9da4-010e861625b5_com--unscreen%20%2816%29.gif\",\"set_cnt\":0,\"number\":1,\"sec\":4},{\"exercise_id\":7,\"exercise_name\":\"팔굽혀펴기\",\"url\":\"https://htm-ssafy.s3.ap-northeast-2.amazonaws.com/body/exercise/pushup-unscreen.gif\",\"set_cnt\":0,\"number\":3,\"sec\":4},{\"exercise_id\":7,\"exercise_name\":\"팔굽혀펴기\",\"url\":\"https://htm-ssafy.s3.ap-northeast-2.amazonaws.com/body/exercise/pushup-unscreen.gif\",\"set_cnt\":0,\"number\":3,\"sec\":4},{\"exercise_id\":7,\"exercise_name\":\"팔굽혀펴기\",\"url\":\"https://htm-ssafy.s3.ap-northeast-2.amazonaws.com/body/exercise/pushup-unscreen.gif\",\"set_cnt\":0,\"number\":3,\"sec\":4}]}','2022-11-17 16:23:47',2),(23,50,'2022-11-17 17:22:25','{\"name\":\"아침운동\",\"username\":\"helennaby\",\"sets\":[{\"exercise_id\":2,\"exercise_name\":\"스쿼트\",\"url\":\"https://htm-ssafy.s3.ap-northeast-2.amazonaws.com/body/edffe811-97ce-4eff-9da4-010e861625b5_com--unscreen%20%2816%29.gif\",\"set_cnt\":0,\"number\":5,\"sec\":0},{\"exercise_id\":1,\"exercise_name\":\"휴식\",\"url\":\"\",\"set_cnt\":0,\"number\":0,\"sec\":10},{\"exercise_id\":4,\"exercise_name\":\"레터럴 스텝\",\"url\":\"https://htm-ssafy.s3.ap-northeast-2.amazonaws.com/body/ed8e8197-d3ea-423a-b9dd-fdcfee968b9c_com--unscreen%20%2818%29.gif\",\"set_cnt\":0,\"number\":5,\"sec\":0},{\"exercise_id\":1,\"exercise_name\":\"휴식\",\"url\":\"\",\"set_cnt\":0,\"number\":0,\"sec\":10},{\"exercise_id\":5,\"exercise_name\":\"하이킥\",\"url\":\"https://htm-ssafy.s3.ap-northeast-2.amazonaws.com/body/0ff740a5-071b-43fe-b1de-8214efd5f034_com--unscreen%20%2819%29.gif\",\"set_cnt\":0,\"number\":5,\"sec\":0},{\"exercise_id\":1,\"exercise_name\":\"휴식\",\"url\":\"\",\"set_cnt\":0,\"number\":0,\"sec\":10},{\"exercise_id\":7,\"exercise_name\":\"팔굽혀펴기\",\"url\":\"https://htm-ssafy.s3.ap-northeast-2.amazonaws.com/body/exercise/pushup-unscreen.gif\",\"set_cnt\":0,\"number\":5,\"sec\":0},{\"exercise_id\":1,\"exercise_name\":\"휴식\",\"url\":\"\",\"set_cnt\":0,\"number\":0,\"sec\":10},{\"exercise_id\":9,\"exercise_name\":\"크런치\",\"url\":\"https://htm-ssafy.s3.ap-northeast-2.amazonaws.com/body/exercise/crunchClip-unscreen.gif\",\"set_cnt\":0,\"number\":5,\"sec\":0},{\"exercise_id\":1,\"exercise_name\":\"휴식\",\"url\":\"\",\"set_cnt\":0,\"number\":0,\"sec\":10}]}','2022-11-17 17:21:07',5),(24,50,'2022-11-18 00:45:29','{\"name\":\"하체 운동\",\"username\":\"helennaby\",\"sets\":[{\"exercise_id\":2,\"exercise_name\":\"스쿼트\",\"url\":\"https://htm-ssafy.s3.ap-northeast-2.amazonaws.com/body/edffe811-97ce-4eff-9da4-010e861625b5_com--unscreen%20%2816%29.gif\",\"set_cnt\":0,\"number\":5,\"sec\":15},{\"exercise_id\":1,\"exercise_name\":\"휴식\",\"url\":\"\",\"set_cnt\":0,\"number\":0,\"sec\":10},{\"exercise_id\":5,\"exercise_name\":\"하이킥\",\"url\":\"https://htm-ssafy.s3.ap-northeast-2.amazonaws.com/body/0ff740a5-071b-43fe-b1de-8214efd5f034_com--unscreen%20%2819%29.gif\",\"set_cnt\":0,\"number\":5,\"sec\":15},{\"exercise_id\":1,\"exercise_name\":\"휴식\",\"url\":\"\",\"set_cnt\":0,\"number\":0,\"sec\":10},{\"exercise_id\":4,\"exercise_name\":\"레터럴 스텝\",\"url\":\"https://htm-ssafy.s3.ap-northeast-2.amazonaws.com/body/ed8e8197-d3ea-423a-b9dd-fdcfee968b9c_com--unscreen%20%2818%29.gif\",\"set_cnt\":0,\"number\":5,\"sec\":15},{\"exercise_id\":1,\"exercise_name\":\"휴식\",\"url\":\"\",\"set_cnt\":0,\"number\":0,\"sec\":10}]}','2022-11-18 00:43:58',5),(25,50,'2022-11-18 00:51:07','{\"name\":\"하체 운동\",\"username\":\"helennaby\",\"sets\":[{\"exercise_id\":2,\"exercise_name\":\"스쿼트\",\"url\":\"https://htm-ssafy.s3.ap-northeast-2.amazonaws.com/body/edffe811-97ce-4eff-9da4-010e861625b5_com--unscreen%20%2816%29.gif\",\"set_cnt\":0,\"number\":5,\"sec\":15},{\"exercise_id\":1,\"exercise_name\":\"휴식\",\"url\":\"\",\"set_cnt\":0,\"number\":0,\"sec\":10},{\"exercise_id\":5,\"exercise_name\":\"하이킥\",\"url\":\"https://htm-ssafy.s3.ap-northeast-2.amazonaws.com/body/0ff740a5-071b-43fe-b1de-8214efd5f034_com--unscreen%20%2819%29.gif\",\"set_cnt\":0,\"number\":5,\"sec\":15},{\"exercise_id\":1,\"exercise_name\":\"휴식\",\"url\":\"\",\"set_cnt\":0,\"number\":0,\"sec\":10},{\"exercise_id\":4,\"exercise_name\":\"레터럴 스텝\",\"url\":\"https://htm-ssafy.s3.ap-northeast-2.amazonaws.com/body/ed8e8197-d3ea-423a-b9dd-fdcfee968b9c_com--unscreen%20%2818%29.gif\",\"set_cnt\":0,\"number\":5,\"sec\":15},{\"exercise_id\":1,\"exercise_name\":\"휴식\",\"url\":\"\",\"set_cnt\":0,\"number\":0,\"sec\":10}]}','2022-11-18 00:49:36',5),(26,50,'2022-11-18 15:32:34','{\"name\":\"하체 운동\",\"username\":\"helennaby\",\"sets\":[{\"exercise_id\":2,\"exercise_name\":\"스쿼트\",\"url\":\"https://htm-ssafy.s3.ap-northeast-2.amazonaws.com/body/edffe811-97ce-4eff-9da4-010e861625b5_com--unscreen%20%2816%29.gif\",\"set_cnt\":0,\"number\":5,\"sec\":15},{\"exercise_id\":1,\"exercise_name\":\"휴식\",\"url\":\"\",\"set_cnt\":0,\"number\":0,\"sec\":10},{\"exercise_id\":5,\"exercise_name\":\"하이킥\",\"url\":\"https://htm-ssafy.s3.ap-northeast-2.amazonaws.com/body/0ff740a5-071b-43fe-b1de-8214efd5f034_com--unscreen%20%2819%29.gif\",\"set_cnt\":0,\"number\":5,\"sec\":15},{\"exercise_id\":1,\"exercise_name\":\"휴식\",\"url\":\"\",\"set_cnt\":0,\"number\":0,\"sec\":10},{\"exercise_id\":4,\"exercise_name\":\"레터럴 스텝\",\"url\":\"https://htm-ssafy.s3.ap-northeast-2.amazonaws.com/body/ed8e8197-d3ea-423a-b9dd-fdcfee968b9c_com--unscreen%20%2818%29.gif\",\"set_cnt\":0,\"number\":5,\"sec\":15},{\"exercise_id\":1,\"exercise_name\":\"휴식\",\"url\":\"\",\"set_cnt\":0,\"number\":0,\"sec\":10}]}','2022-11-18 15:31:03',5),(27,40,'2022-11-18 15:49:49','{\"name\":\"하체 루틴\",\"username\":\"helennaby\",\"sets\":[{\"exercise_id\":3,\"exercise_name\":\"무릎 높이 들기\",\"url\":\"https://htm-ssafy.s3.ap-northeast-2.amazonaws.com/body/24cde81d-5e2c-4ef0-8d28-fa07a34749f4_com--unscreen%20%2817%29.gif\",\"set_cnt\":0,\"number\":5,\"sec\":15},{\"exercise_id\":1,\"exercise_name\":\"휴식\",\"url\":\"\",\"set_cnt\":0,\"number\":0,\"sec\":10},{\"exercise_id\":4,\"exercise_name\":\"레터럴 스텝\",\"url\":\"https://htm-ssafy.s3.ap-northeast-2.amazonaws.com/body/ed8e8197-d3ea-423a-b9dd-fdcfee968b9c_com--unscreen%20%2818%29.gif\",\"set_cnt\":0,\"number\":5,\"sec\":15},{\"exercise_id\":1,\"exercise_name\":\"휴식\",\"url\":\"\",\"set_cnt\":0,\"number\":0,\"sec\":10},{\"exercise_id\":5,\"exercise_name\":\"하이킥\",\"url\":\"https://htm-ssafy.s3.ap-northeast-2.amazonaws.com/body/0ff740a5-071b-43fe-b1de-8214efd5f034_com--unscreen%20%2819%29.gif\",\"set_cnt\":0,\"number\":5,\"sec\":15}]}','2022-11-18 15:48:31',5),(28,40,'2022-11-18 16:03:12','{\"name\":\"하체 루틴\",\"username\":\"helennaby\",\"sets\":[{\"exercise_id\":3,\"exercise_name\":\"무릎 높이 들기\",\"url\":\"https://htm-ssafy.s3.ap-northeast-2.amazonaws.com/body/24cde81d-5e2c-4ef0-8d28-fa07a34749f4_com--unscreen%20%2817%29.gif\",\"set_cnt\":0,\"number\":5,\"sec\":15},{\"exercise_id\":1,\"exercise_name\":\"휴식\",\"url\":\"\",\"set_cnt\":0,\"number\":0,\"sec\":10},{\"exercise_id\":4,\"exercise_name\":\"레터럴 스텝\",\"url\":\"https://htm-ssafy.s3.ap-northeast-2.amazonaws.com/body/ed8e8197-d3ea-423a-b9dd-fdcfee968b9c_com--unscreen%20%2818%29.gif\",\"set_cnt\":0,\"number\":5,\"sec\":15},{\"exercise_id\":1,\"exercise_name\":\"휴식\",\"url\":\"\",\"set_cnt\":0,\"number\":0,\"sec\":10},{\"exercise_id\":5,\"exercise_name\":\"하이킥\",\"url\":\"https://htm-ssafy.s3.ap-northeast-2.amazonaws.com/body/0ff740a5-071b-43fe-b1de-8214efd5f034_com--unscreen%20%2819%29.gif\",\"set_cnt\":0,\"number\":5,\"sec\":15}]}','2022-11-18 16:01:54',5),(29,40,'2022-11-18 16:05:40','{\"name\":\"하체 루틴\",\"username\":\"helennaby\",\"sets\":[{\"exercise_id\":3,\"exercise_name\":\"무릎 높이 들기\",\"url\":\"https://htm-ssafy.s3.ap-northeast-2.amazonaws.com/body/24cde81d-5e2c-4ef0-8d28-fa07a34749f4_com--unscreen%20%2817%29.gif\",\"set_cnt\":0,\"number\":5,\"sec\":15},{\"exercise_id\":1,\"exercise_name\":\"휴식\",\"url\":\"\",\"set_cnt\":0,\"number\":0,\"sec\":10},{\"exercise_id\":4,\"exercise_name\":\"레터럴 스텝\",\"url\":\"https://htm-ssafy.s3.ap-northeast-2.amazonaws.com/body/ed8e8197-d3ea-423a-b9dd-fdcfee968b9c_com--unscreen%20%2818%29.gif\",\"set_cnt\":0,\"number\":5,\"sec\":15},{\"exercise_id\":1,\"exercise_name\":\"휴식\",\"url\":\"\",\"set_cnt\":0,\"number\":0,\"sec\":10},{\"exercise_id\":5,\"exercise_name\":\"하이킥\",\"url\":\"https://htm-ssafy.s3.ap-northeast-2.amazonaws.com/body/0ff740a5-071b-43fe-b1de-8214efd5f034_com--unscreen%20%2819%29.gif\",\"set_cnt\":0,\"number\":5,\"sec\":15}]}','2022-11-18 16:04:22',5),(30,40,'2022-11-18 16:07:45','{\"name\":\"하체 루틴\",\"username\":\"helennaby\",\"sets\":[{\"exercise_id\":3,\"exercise_name\":\"무릎 높이 들기\",\"url\":\"https://htm-ssafy.s3.ap-northeast-2.amazonaws.com/body/24cde81d-5e2c-4ef0-8d28-fa07a34749f4_com--unscreen%20%2817%29.gif\",\"set_cnt\":0,\"number\":5,\"sec\":15},{\"exercise_id\":1,\"exercise_name\":\"휴식\",\"url\":\"\",\"set_cnt\":0,\"number\":0,\"sec\":10},{\"exercise_id\":4,\"exercise_name\":\"레터럴 스텝\",\"url\":\"https://htm-ssafy.s3.ap-northeast-2.amazonaws.com/body/ed8e8197-d3ea-423a-b9dd-fdcfee968b9c_com--unscreen%20%2818%29.gif\",\"set_cnt\":0,\"number\":5,\"sec\":15},{\"exercise_id\":1,\"exercise_name\":\"휴식\",\"url\":\"\",\"set_cnt\":0,\"number\":0,\"sec\":10},{\"exercise_id\":5,\"exercise_name\":\"하이킥\",\"url\":\"https://htm-ssafy.s3.ap-northeast-2.amazonaws.com/body/0ff740a5-071b-43fe-b1de-8214efd5f034_com--unscreen%20%2819%29.gif\",\"set_cnt\":0,\"number\":5,\"sec\":15}]}','2022-11-18 16:06:27',5),(31,33,'2022-11-18 16:53:13','{\"name\":\"테스트\",\"username\":\"helennaby\",\"sets\":[{\"exercise_id\":2,\"exercise_name\":\"스쿼트\",\"url\":\"https://htm-ssafy.s3.ap-northeast-2.amazonaws.com/body/edffe811-97ce-4eff-9da4-010e861625b5_com--unscreen%20%2816%29.gif\",\"set_cnt\":0,\"number\":5,\"sec\":15},{\"exercise_id\":1,\"exercise_name\":\"휴식\",\"url\":\"\",\"set_cnt\":0,\"number\":0,\"sec\":15},{\"exercise_id\":7,\"exercise_name\":\"팔굽혀펴기\",\"url\":\"https://htm-ssafy.s3.ap-northeast-2.amazonaws.com/body/exercise/pushup-unscreen.gif\",\"set_cnt\":0,\"number\":5,\"sec\":15}]}','2022-11-18 16:52:21',5),(32,33,'2022-11-18 17:03:38','{\"name\":\"테스트\",\"username\":\"helennaby\",\"sets\":[{\"exercise_id\":2,\"exercise_name\":\"스쿼트\",\"url\":\"https://htm-ssafy.s3.ap-northeast-2.amazonaws.com/body/edffe811-97ce-4eff-9da4-010e861625b5_com--unscreen%20%2816%29.gif\",\"set_cnt\":0,\"number\":5,\"sec\":15},{\"exercise_id\":1,\"exercise_name\":\"휴식\",\"url\":\"\",\"set_cnt\":0,\"number\":0,\"sec\":15},{\"exercise_id\":7,\"exercise_name\":\"팔굽혀펴기\",\"url\":\"https://htm-ssafy.s3.ap-northeast-2.amazonaws.com/body/exercise/pushup-unscreen.gif\",\"set_cnt\":0,\"number\":5,\"sec\":15}]}','2022-11-18 17:02:46',5),(33,87,'2022-11-18 17:07:29','{\"name\":\"테스트\",\"username\":\"helennaby\",\"sets\":[{\"exercise_id\":2,\"exercise_name\":\"스쿼트\",\"url\":\"https://htm-ssafy.s3.ap-northeast-2.amazonaws.com/body/edffe811-97ce-4eff-9da4-010e861625b5_com--unscreen%20%2816%29.gif\",\"set_cnt\":0,\"number\":5,\"sec\":15},{\"exercise_id\":1,\"exercise_name\":\"휴식\",\"url\":\"\",\"set_cnt\":0,\"number\":0,\"sec\":15},{\"exercise_id\":7,\"exercise_name\":\"팔굽혀펴기\",\"url\":\"https://htm-ssafy.s3.ap-northeast-2.amazonaws.com/body/exercise/pushup-unscreen.gif\",\"set_cnt\":0,\"number\":5,\"sec\":15}]}','2022-11-18 17:06:37',5),(34,60,'2022-11-18 17:11:08','{\"name\":\"테스트\",\"username\":\"helennaby\",\"sets\":[{\"exercise_id\":2,\"exercise_name\":\"스쿼트\",\"url\":\"https://htm-ssafy.s3.ap-northeast-2.amazonaws.com/body/edffe811-97ce-4eff-9da4-010e861625b5_com--unscreen%20%2816%29.gif\",\"set_cnt\":0,\"number\":5,\"sec\":15},{\"exercise_id\":1,\"exercise_name\":\"휴식\",\"url\":\"\",\"set_cnt\":0,\"number\":0,\"sec\":15},{\"exercise_id\":7,\"exercise_name\":\"팔굽혀펴기\",\"url\":\"https://htm-ssafy.s3.ap-northeast-2.amazonaws.com/body/exercise/pushup-unscreen.gif\",\"set_cnt\":0,\"number\":5,\"sec\":15}]}','2022-11-18 17:10:16',5),(35,67,'2022-11-18 17:24:16','{\"name\":\"휴식시간 20초\",\"username\":\"helennaby\",\"sets\":[{\"exercise_id\":2,\"exercise_name\":\"스쿼트\",\"url\":\"https://htm-ssafy.s3.ap-northeast-2.amazonaws.com/body/edffe811-97ce-4eff-9da4-010e861625b5_com--unscreen%20%2816%29.gif\",\"set_cnt\":0,\"number\":5,\"sec\":120},{\"exercise_id\":1,\"exercise_name\":\"휴식\",\"url\":\"\",\"set_cnt\":0,\"number\":0,\"sec\":20},{\"exercise_id\":2,\"exercise_name\":\"스쿼트\",\"url\":\"https://htm-ssafy.s3.ap-northeast-2.amazonaws.com/body/edffe811-97ce-4eff-9da4-010e861625b5_com--unscreen%20%2816%29.gif\",\"set_cnt\":0,\"number\":3,\"sec\":60}]}','2022-11-18 17:20:49',5),(36,67,'2022-11-18 17:41:45','{\"name\":\"테스트\",\"username\":\"helennaby\",\"sets\":[{\"exercise_id\":2,\"exercise_name\":\"스쿼트\",\"url\":\"https://htm-ssafy.s3.ap-northeast-2.amazonaws.com/body/edffe811-97ce-4eff-9da4-010e861625b5_com--unscreen%20%2816%29.gif\",\"set_cnt\":0,\"number\":5,\"sec\":30},{\"exercise_id\":1,\"exercise_name\":\"휴식\",\"url\":\"\",\"set_cnt\":0,\"number\":0,\"sec\":20},{\"exercise_id\":2,\"exercise_name\":\"스쿼트\",\"url\":\"https://htm-ssafy.s3.ap-northeast-2.amazonaws.com/body/edffe811-97ce-4eff-9da4-010e861625b5_com--unscreen%20%2816%29.gif\",\"set_cnt\":0,\"number\":5,\"sec\":30}]}','2022-11-18 17:40:18',5),(37,100,'2022-11-18 17:45:38','{\"name\":\"테스트\",\"username\":\"helennaby\",\"sets\":[{\"exercise_id\":2,\"exercise_name\":\"스쿼트\",\"url\":\"https://htm-ssafy.s3.ap-northeast-2.amazonaws.com/body/edffe811-97ce-4eff-9da4-010e861625b5_com--unscreen%20%2816%29.gif\",\"set_cnt\":0,\"number\":5,\"sec\":30},{\"exercise_id\":1,\"exercise_name\":\"휴식\",\"url\":\"\",\"set_cnt\":0,\"number\":0,\"sec\":20},{\"exercise_id\":3,\"exercise_name\":\"무릎 높이 들기\",\"url\":\"https://htm-ssafy.s3.ap-northeast-2.amazonaws.com/body/24cde81d-5e2c-4ef0-8d28-fa07a34749f4_com--unscreen%20%2817%29.gif\",\"set_cnt\":0,\"number\":5,\"sec\":30}]}','2022-11-18 17:44:11',5),(38,33,'2022-11-18 17:47:27','{\"name\":\"테스트\",\"username\":\"helennaby\",\"sets\":[{\"exercise_id\":2,\"exercise_name\":\"스쿼트\",\"url\":\"https://htm-ssafy.s3.ap-northeast-2.amazonaws.com/body/edffe811-97ce-4eff-9da4-010e861625b5_com--unscreen%20%2816%29.gif\",\"set_cnt\":0,\"number\":5,\"sec\":30},{\"exercise_id\":1,\"exercise_name\":\"휴식\",\"url\":\"\",\"set_cnt\":0,\"number\":0,\"sec\":20},{\"exercise_id\":3,\"exercise_name\":\"무릎 높이 들기\",\"url\":\"https://htm-ssafy.s3.ap-northeast-2.amazonaws.com/body/24cde81d-5e2c-4ef0-8d28-fa07a34749f4_com--unscreen%20%2817%29.gif\",\"set_cnt\":0,\"number\":5,\"sec\":30}]}','2022-11-18 17:46:00',5),(39,67,'2022-11-18 17:50:53','{\"name\":\"테스트\",\"username\":\"helennaby\",\"sets\":[{\"exercise_id\":2,\"exercise_name\":\"스쿼트\",\"url\":\"https://htm-ssafy.s3.ap-northeast-2.amazonaws.com/body/edffe811-97ce-4eff-9da4-010e861625b5_com--unscreen%20%2816%29.gif\",\"set_cnt\":0,\"number\":5,\"sec\":30},{\"exercise_id\":1,\"exercise_name\":\"휴식\",\"url\":\"\",\"set_cnt\":0,\"number\":0,\"sec\":20},{\"exercise_id\":3,\"exercise_name\":\"무릎 높이 들기\",\"url\":\"https://htm-ssafy.s3.ap-northeast-2.amazonaws.com/body/24cde81d-5e2c-4ef0-8d28-fa07a34749f4_com--unscreen%20%2817%29.gif\",\"set_cnt\":0,\"number\":10,\"sec\":30}]}','2022-11-18 17:49:26',5),(40,33,'2022-11-18 17:52:54','{\"name\":\"테스트\",\"username\":\"helennaby\",\"sets\":[{\"exercise_id\":2,\"exercise_name\":\"스쿼트\",\"url\":\"https://htm-ssafy.s3.ap-northeast-2.amazonaws.com/body/edffe811-97ce-4eff-9da4-010e861625b5_com--unscreen%20%2816%29.gif\",\"set_cnt\":0,\"number\":5,\"sec\":30},{\"exercise_id\":1,\"exercise_name\":\"휴식\",\"url\":\"\",\"set_cnt\":0,\"number\":0,\"sec\":20},{\"exercise_id\":3,\"exercise_name\":\"무릎 높이 들기\",\"url\":\"https://htm-ssafy.s3.ap-northeast-2.amazonaws.com/body/24cde81d-5e2c-4ef0-8d28-fa07a34749f4_com--unscreen%20%2817%29.gif\",\"set_cnt\":0,\"number\":10,\"sec\":30}]}','2022-11-18 17:51:27',5),(41,33,'2022-11-18 17:57:19','{\"name\":\"테스트\",\"username\":\"helennaby\",\"sets\":[{\"exercise_id\":2,\"exercise_name\":\"스쿼트\",\"url\":\"https://htm-ssafy.s3.ap-northeast-2.amazonaws.com/body/edffe811-97ce-4eff-9da4-010e861625b5_com--unscreen%20%2816%29.gif\",\"set_cnt\":0,\"number\":5,\"sec\":30},{\"exercise_id\":1,\"exercise_name\":\"휴식\",\"url\":\"\",\"set_cnt\":0,\"number\":0,\"sec\":20},{\"exercise_id\":3,\"exercise_name\":\"무릎 높이 들기\",\"url\":\"https://htm-ssafy.s3.ap-northeast-2.amazonaws.com/body/24cde81d-5e2c-4ef0-8d28-fa07a34749f4_com--unscreen%20%2817%29.gif\",\"set_cnt\":0,\"number\":10,\"sec\":30}]}','2022-11-18 17:55:52',5),(42,33,'2022-11-18 18:00:20','{\"name\":\"테스트\",\"username\":\"helennaby\",\"sets\":[{\"exercise_id\":2,\"exercise_name\":\"스쿼트\",\"url\":\"https://htm-ssafy.s3.ap-northeast-2.amazonaws.com/body/edffe811-97ce-4eff-9da4-010e861625b5_com--unscreen%20%2816%29.gif\",\"set_cnt\":0,\"number\":5,\"sec\":30},{\"exercise_id\":1,\"exercise_name\":\"휴식\",\"url\":\"\",\"set_cnt\":0,\"number\":0,\"sec\":20},{\"exercise_id\":3,\"exercise_name\":\"무릎 높이 들기\",\"url\":\"https://htm-ssafy.s3.ap-northeast-2.amazonaws.com/body/24cde81d-5e2c-4ef0-8d28-fa07a34749f4_com--unscreen%20%2817%29.gif\",\"set_cnt\":0,\"number\":10,\"sec\":30}]}','2022-11-18 17:58:53',5),(43,33,'2022-11-18 18:04:24','{\"name\":\"테스트\",\"username\":\"helennaby\",\"sets\":[{\"exercise_id\":2,\"exercise_name\":\"스쿼트\",\"url\":\"https://htm-ssafy.s3.ap-northeast-2.amazonaws.com/body/edffe811-97ce-4eff-9da4-010e861625b5_com--unscreen%20%2816%29.gif\",\"set_cnt\":0,\"number\":5,\"sec\":30},{\"exercise_id\":1,\"exercise_name\":\"휴식\",\"url\":\"\",\"set_cnt\":0,\"number\":0,\"sec\":20},{\"exercise_id\":3,\"exercise_name\":\"무릎 높이 들기\",\"url\":\"https://htm-ssafy.s3.ap-northeast-2.amazonaws.com/body/24cde81d-5e2c-4ef0-8d28-fa07a34749f4_com--unscreen%20%2817%29.gif\",\"set_cnt\":0,\"number\":10,\"sec\":30}]}','2022-11-18 18:02:57',5),(44,33,'2022-11-18 18:07:32','{\"name\":\"테스트\",\"username\":\"helennaby\",\"sets\":[{\"exercise_id\":2,\"exercise_name\":\"스쿼트\",\"url\":\"https://htm-ssafy.s3.ap-northeast-2.amazonaws.com/body/edffe811-97ce-4eff-9da4-010e861625b5_com--unscreen%20%2816%29.gif\",\"set_cnt\":0,\"number\":5,\"sec\":30},{\"exercise_id\":1,\"exercise_name\":\"휴식\",\"url\":\"\",\"set_cnt\":0,\"number\":0,\"sec\":20},{\"exercise_id\":3,\"exercise_name\":\"무릎 높이 들기\",\"url\":\"https://htm-ssafy.s3.ap-northeast-2.amazonaws.com/body/24cde81d-5e2c-4ef0-8d28-fa07a34749f4_com--unscreen%20%2817%29.gif\",\"set_cnt\":0,\"number\":10,\"sec\":30}]}','2022-11-18 18:06:05',5),(45,90,'2022-11-18 18:10:44','{\"name\":\"테스트\",\"username\":\"helennaby\",\"sets\":[{\"exercise_id\":2,\"exercise_name\":\"스쿼트\",\"url\":\"https://htm-ssafy.s3.ap-northeast-2.amazonaws.com/body/edffe811-97ce-4eff-9da4-010e861625b5_com--unscreen%20%2816%29.gif\",\"set_cnt\":0,\"number\":5,\"sec\":30},{\"exercise_id\":1,\"exercise_name\":\"휴식\",\"url\":\"\",\"set_cnt\":0,\"number\":0,\"sec\":20},{\"exercise_id\":3,\"exercise_name\":\"무릎 높이 들기\",\"url\":\"https://htm-ssafy.s3.ap-northeast-2.amazonaws.com/body/24cde81d-5e2c-4ef0-8d28-fa07a34749f4_com--unscreen%20%2817%29.gif\",\"set_cnt\":0,\"number\":10,\"sec\":30}]}','2022-11-18 18:09:17',5),(46,100,'2022-11-18 18:17:37','{\"name\":\"ㅃㅃ\",\"username\":\"helennaby\",\"sets\":[{\"exercise_id\":2,\"exercise_name\":\"스쿼트\",\"url\":\"https://htm-ssafy.s3.ap-northeast-2.amazonaws.com/body/edffe811-97ce-4eff-9da4-010e861625b5_com--unscreen%20%2816%29.gif\",\"set_cnt\":0,\"number\":1,\"sec\":60}]}','2022-11-18 18:16:35',5),(47,33,'2022-11-18 18:21:57','{\"name\":\"테스트\",\"username\":\"helennaby\",\"sets\":[{\"exercise_id\":2,\"exercise_name\":\"스쿼트\",\"url\":\"https://htm-ssafy.s3.ap-northeast-2.amazonaws.com/body/edffe811-97ce-4eff-9da4-010e861625b5_com--unscreen%20%2816%29.gif\",\"set_cnt\":0,\"number\":5,\"sec\":30},{\"exercise_id\":1,\"exercise_name\":\"휴식\",\"url\":\"\",\"set_cnt\":0,\"number\":0,\"sec\":20},{\"exercise_id\":3,\"exercise_name\":\"무릎 높이 들기\",\"url\":\"https://htm-ssafy.s3.ap-northeast-2.amazonaws.com/body/24cde81d-5e2c-4ef0-8d28-fa07a34749f4_com--unscreen%20%2817%29.gif\",\"set_cnt\":0,\"number\":10,\"sec\":30}]}','2022-11-18 18:20:30',5),(48,70,'2022-11-18 18:31:54','{\"name\":\"테스트\",\"username\":\"helennaby\",\"sets\":[{\"exercise_id\":2,\"exercise_name\":\"스쿼트\",\"url\":\"https://htm-ssafy.s3.ap-northeast-2.amazonaws.com/body/edffe811-97ce-4eff-9da4-010e861625b5_com--unscreen%20%2816%29.gif\",\"set_cnt\":0,\"number\":5,\"sec\":30},{\"exercise_id\":1,\"exercise_name\":\"휴식\",\"url\":\"\",\"set_cnt\":0,\"number\":0,\"sec\":20},{\"exercise_id\":3,\"exercise_name\":\"무릎 높이 들기\",\"url\":\"https://htm-ssafy.s3.ap-northeast-2.amazonaws.com/body/24cde81d-5e2c-4ef0-8d28-fa07a34749f4_com--unscreen%20%2817%29.gif\",\"set_cnt\":0,\"number\":10,\"sec\":30}]}','2022-11-18 18:30:27',5),(49,33,'2022-11-18 18:36:48','{\"name\":\"테스트\",\"username\":\"helennaby\",\"sets\":[{\"exercise_id\":2,\"exercise_name\":\"스쿼트\",\"url\":\"https://htm-ssafy.s3.ap-northeast-2.amazonaws.com/body/edffe811-97ce-4eff-9da4-010e861625b5_com--unscreen%20%2816%29.gif\",\"set_cnt\":0,\"number\":5,\"sec\":30},{\"exercise_id\":1,\"exercise_name\":\"휴식\",\"url\":\"\",\"set_cnt\":0,\"number\":0,\"sec\":20},{\"exercise_id\":3,\"exercise_name\":\"무릎 높이 들기\",\"url\":\"https://htm-ssafy.s3.ap-northeast-2.amazonaws.com/body/24cde81d-5e2c-4ef0-8d28-fa07a34749f4_com--unscreen%20%2817%29.gif\",\"set_cnt\":0,\"number\":10,\"sec\":30}]}','2022-11-18 18:35:21',5),(50,67,'2022-11-18 19:23:10','{\"name\":\"나만의 루틴\",\"username\":\"helennaby\",\"sets\":[{\"exercise_id\":2,\"exercise_name\":\"스쿼트\",\"url\":\"https://htm-ssafy.s3.ap-northeast-2.amazonaws.com/body/edffe811-97ce-4eff-9da4-010e861625b5_com--unscreen%20%2816%29.gif\",\"set_cnt\":0,\"number\":10,\"sec\":30},{\"exercise_id\":1,\"exercise_name\":\"휴식\",\"url\":\"\",\"set_cnt\":0,\"number\":0,\"sec\":20},{\"exercise_id\":3,\"exercise_name\":\"무릎 높이 들기\",\"url\":\"https://htm-ssafy.s3.ap-northeast-2.amazonaws.com/body/24cde81d-5e2c-4ef0-8d28-fa07a34749f4_com--unscreen%20%2817%29.gif\",\"set_cnt\":0,\"number\":10,\"sec\":30}]}','2022-11-18 19:21:43',5),(51,70,'2022-11-18 19:28:18','{\"name\":\"나만의 루틴\",\"username\":\"helennaby\",\"sets\":[{\"exercise_id\":2,\"exercise_name\":\"스쿼트\",\"url\":\"https://htm-ssafy.s3.ap-northeast-2.amazonaws.com/body/edffe811-97ce-4eff-9da4-010e861625b5_com--unscreen%20%2816%29.gif\",\"set_cnt\":0,\"number\":10,\"sec\":30},{\"exercise_id\":1,\"exercise_name\":\"휴식\",\"url\":\"\",\"set_cnt\":0,\"number\":0,\"sec\":20},{\"exercise_id\":3,\"exercise_name\":\"무릎 높이 들기\",\"url\":\"https://htm-ssafy.s3.ap-northeast-2.amazonaws.com/body/24cde81d-5e2c-4ef0-8d28-fa07a34749f4_com--unscreen%20%2817%29.gif\",\"set_cnt\":0,\"number\":10,\"sec\":30}]}','2022-11-18 19:26:51',5),(52,77,'2022-11-18 19:31:50','{\"name\":\"나만의 루틴\",\"username\":\"helennaby\",\"sets\":[{\"exercise_id\":2,\"exercise_name\":\"스쿼트\",\"url\":\"https://htm-ssafy.s3.ap-northeast-2.amazonaws.com/body/edffe811-97ce-4eff-9da4-010e861625b5_com--unscreen%20%2816%29.gif\",\"set_cnt\":0,\"number\":10,\"sec\":30},{\"exercise_id\":1,\"exercise_name\":\"휴식\",\"url\":\"\",\"set_cnt\":0,\"number\":0,\"sec\":20},{\"exercise_id\":3,\"exercise_name\":\"무릎 높이 들기\",\"url\":\"https://htm-ssafy.s3.ap-northeast-2.amazonaws.com/body/24cde81d-5e2c-4ef0-8d28-fa07a34749f4_com--unscreen%20%2817%29.gif\",\"set_cnt\":0,\"number\":10,\"sec\":30}]}','2022-11-18 19:30:23',5),(53,100,'2022-11-18 19:34:31','{\"name\":\"무릎아작\",\"username\":\"helennaby\",\"sets\":[{\"exercise_id\":3,\"exercise_name\":\"무릎 높이 들기\",\"url\":\"https://htm-ssafy.s3.ap-northeast-2.amazonaws.com/body/24cde81d-5e2c-4ef0-8d28-fa07a34749f4_com--unscreen%20%2817%29.gif\",\"set_cnt\":0,\"number\":10,\"sec\":30}]}','2022-11-18 19:34:00',5),(54,67,'2022-11-18 19:39:42','{\"name\":\"나만의 루틴\",\"username\":\"helennaby\",\"sets\":[{\"exercise_id\":2,\"exercise_name\":\"스쿼트\",\"url\":\"https://htm-ssafy.s3.ap-northeast-2.amazonaws.com/body/edffe811-97ce-4eff-9da4-010e861625b5_com--unscreen%20%2816%29.gif\",\"set_cnt\":0,\"number\":10,\"sec\":30},{\"exercise_id\":1,\"exercise_name\":\"휴식\",\"url\":\"\",\"set_cnt\":0,\"number\":0,\"sec\":20},{\"exercise_id\":3,\"exercise_name\":\"무릎 높이 들기\",\"url\":\"https://htm-ssafy.s3.ap-northeast-2.amazonaws.com/body/24cde81d-5e2c-4ef0-8d28-fa07a34749f4_com--unscreen%20%2817%29.gif\",\"set_cnt\":0,\"number\":10,\"sec\":30}]}','2022-11-18 19:38:15',5),(55,100,'2022-11-18 23:00:36','{\"name\":\"test-\",\"username\":\"\",\"sets\":[{\"exercise_id\":0,\"exercise_name\":\"testtest\",\"number\":0,\"sec\":0,\"set_cnt\":0}]}','2022-11-18 23:00:35',5),(56,33,'2022-11-19 14:33:24','{\"name\":\"나만의 루틴\",\"username\":\"helennaby\",\"sets\":[{\"exercise_id\":2,\"exercise_name\":\"스쿼트\",\"url\":\"https://htm-ssafy.s3.ap-northeast-2.amazonaws.com/body/edffe811-97ce-4eff-9da4-010e861625b5_com--unscreen%20%2816%29.gif\",\"set_cnt\":0,\"number\":10,\"sec\":30},{\"exercise_id\":1,\"exercise_name\":\"휴식\",\"url\":\"\",\"set_cnt\":0,\"number\":0,\"sec\":20},{\"exercise_id\":3,\"exercise_name\":\"무릎 높이 들기\",\"url\":\"https://htm-ssafy.s3.ap-northeast-2.amazonaws.com/body/24cde81d-5e2c-4ef0-8d28-fa07a34749f4_com--unscreen%20%2817%29.gif\",\"set_cnt\":0,\"number\":10,\"sec\":30}]}','2022-11-19 14:31:57',5),(57,35,'2022-11-19 16:23:10','{\"name\":\"나만의 루틴\",\"username\":\"helennaby\",\"sets\":[{\"exercise_id\":2,\"exercise_name\":\"스쿼트\",\"url\":\"https://htm-ssafy.s3.ap-northeast-2.amazonaws.com/body/edffe811-97ce-4eff-9da4-010e861625b5_com--unscreen%20%2816%29.gif\",\"set_cnt\":0,\"number\":10,\"sec\":30},{\"exercise_id\":1,\"exercise_name\":\"휴식\",\"url\":\"\",\"set_cnt\":0,\"number\":0,\"sec\":20},{\"exercise_id\":3,\"exercise_name\":\"무릎 높이 들기\",\"url\":\"https://htm-ssafy.s3.ap-northeast-2.amazonaws.com/body/24cde81d-5e2c-4ef0-8d28-fa07a34749f4_com--unscreen%20%2817%29.gif\",\"set_cnt\":0,\"number\":10,\"sec\":30}]}','2022-11-19 16:21:43',5);
/*!40000 ALTER TABLE `record` ENABLE KEYS */;
UNLOCK TABLES;

--
-- Table structure for table `routine`
--

DROP TABLE IF EXISTS `routine`;
/*!40101 SET @saved_cs_client     = @@character_set_client */;
/*!50503 SET character_set_client = utf8mb4 */;
CREATE TABLE `routine` (
  `routine_id` bigint NOT NULL AUTO_INCREMENT,
  `name` varchar(255) DEFAULT NULL,
  `user_id` bigint DEFAULT NULL,
  `color` varchar(255) DEFAULT NULL,
  PRIMARY KEY (`routine_id`),
  KEY `FKrnd1817o40yyif3tnuw9medf8` (`user_id`),
  CONSTRAINT `FKrnd1817o40yyif3tnuw9medf8` FOREIGN KEY (`user_id`) REFERENCES `user` (`user_id`)
) ENGINE=InnoDB AUTO_INCREMENT=60 DEFAULT CHARSET=utf8mb4 COLLATE=utf8mb4_0900_ai_ci;
/*!40101 SET character_set_client = @saved_cs_client */;

--
-- Dumping data for table `routine`
--

LOCK TABLES `routine` WRITE;
/*!40000 ALTER TABLE `routine` DISABLE KEYS */;
INSERT INTO `routine` VALUES (1,'morning',3,'string'),(2,'lunch',2,'#DE5788'),(3,'lunch2',2,'#DE5788'),(4,'string',3,'#DE5788'),(5,'string',4,'#DE5788'),(7,'string2',4,'string'),(10,'string2222',4,'string'),(11,'string222332',4,'string'),(12,'qwerty',4,'string'),(27,'asdfasdf',3,'string'),(28,'asdfasdf2222',3,'string'),(56,'스쿼트 100개도전',5,'#8FE81E'),(58,'나만의 루틴',5,'#DE5788');
/*!40000 ALTER TABLE `routine` ENABLE KEYS */;
UNLOCK TABLES;

--
-- Table structure for table `sets`
--

DROP TABLE IF EXISTS `sets`;
/*!40101 SET @saved_cs_client     = @@character_set_client */;
/*!50503 SET character_set_client = utf8mb4 */;
CREATE TABLE `sets` (
  `set_id` bigint NOT NULL AUTO_INCREMENT,
  `number` int NOT NULL,
  `set_cnt` int NOT NULL,
  `time` int NOT NULL,
  `exercise_id` bigint DEFAULT NULL,
  `routine_id` bigint DEFAULT NULL,
  PRIMARY KEY (`set_id`),
  KEY `FKgntm707ph6ac2rtyw43n1wlqu` (`exercise_id`),
  KEY `FKm7uqd0lvbtrcl04bieaxh5uig` (`routine_id`),
  CONSTRAINT `FKgntm707ph6ac2rtyw43n1wlqu` FOREIGN KEY (`exercise_id`) REFERENCES `exercise` (`exercise_id`),
  CONSTRAINT `FKm7uqd0lvbtrcl04bieaxh5uig` FOREIGN KEY (`routine_id`) REFERENCES `routine` (`routine_id`)
) ENGINE=InnoDB AUTO_INCREMENT=194 DEFAULT CHARSET=utf8mb4 COLLATE=utf8mb4_0900_ai_ci;
/*!40101 SET character_set_client = @saved_cs_client */;

--
-- Dumping data for table `sets`
--

LOCK TABLES `sets` WRITE;
/*!40000 ALTER TABLE `sets` DISABLE KEYS */;
INSERT INTO `sets` VALUES (1,2,2,2,7,1),(2,1,1,2,1,2),(3,1,1,2,2,2),(4,2,2,4,11,3),(5,1,1,4,2,3),(6,3,3,4,7,3),(9,0,0,2,1,7),(10,0,0,0,1,10),(11,0,0,0,1,11),(12,0,0,0,1,12),(31,0,0,0,1,27),(32,10,0,0,2,27),(33,10,0,0,1,27),(34,0,0,10,1,28),(35,10,0,10,2,28),(36,10,0,100,1,28),(37,1,1,2,3,2),(38,1,1,2,3,2),(39,1,1,2,4,2),(40,1,1,2,5,2),(41,1,1,2,6,2),(42,1,1,2,7,2),(43,1,1,2,8,2),(44,1,1,2,9,2),(45,1,1,2,10,2),(46,1,1,2,11,2),(186,100,1,300,2,56),(190,10,1,30,2,58),(191,0,0,20,1,58),(192,10,1,30,3,58);
/*!40000 ALTER TABLE `sets` ENABLE KEYS */;
UNLOCK TABLES;

--
-- Table structure for table `streaming`
--

DROP TABLE IF EXISTS `streaming`;
/*!40101 SET @saved_cs_client     = @@character_set_client */;
/*!50503 SET character_set_client = utf8mb4 */;
CREATE TABLE `streaming` (
  `streaming_id` bigint NOT NULL AUTO_INCREMENT,
  `end_time` datetime DEFAULT NULL,
  `start_time` datetime DEFAULT NULL,
  `my_id` bigint DEFAULT NULL,
  `other_id` bigint DEFAULT NULL,
  PRIMARY KEY (`streaming_id`),
  KEY `FKg9oi9a4xy3968w9hyt76ysl8a` (`my_id`),
  KEY `FKskjxlmee27d4kgjalrnc8hod3` (`other_id`),
  CONSTRAINT `FKg9oi9a4xy3968w9hyt76ysl8a` FOREIGN KEY (`my_id`) REFERENCES `user` (`user_id`),
  CONSTRAINT `FKskjxlmee27d4kgjalrnc8hod3` FOREIGN KEY (`other_id`) REFERENCES `user` (`user_id`)
) ENGINE=InnoDB AUTO_INCREMENT=45 DEFAULT CHARSET=utf8mb4 COLLATE=utf8mb4_0900_ai_ci;
/*!40101 SET character_set_client = @saved_cs_client */;

--
-- Dumping data for table `streaming`
--

LOCK TABLES `streaming` WRITE;
/*!40000 ALTER TABLE `streaming` DISABLE KEYS */;
INSERT INTO `streaming` VALUES (1,'2022-11-03 07:51:55','2022-11-03 07:51:47',2,1),(2,'2022-11-03 07:51:55','2022-11-03 07:51:47',1,2),(3,'2022-11-17 13:33:58','2022-11-17 13:33:00',2,1),(4,'2022-11-17 13:33:58','2022-11-17 13:33:00',1,2),(5,'2022-11-17 13:37:24','2022-11-17 13:37:14',2,1),(6,'2022-11-17 13:37:24','2022-11-17 13:37:14',1,2),(7,'2022-11-17 13:44:40','2022-11-17 13:43:51',1,2),(8,'2022-11-17 13:44:40','2022-11-17 13:43:51',2,1),(9,'2022-11-17 13:46:50','2022-11-17 13:46:46',1,2),(10,'2022-11-17 13:46:50','2022-11-17 13:46:46',2,1),(11,'2022-11-17 13:47:19','2022-11-17 13:47:16',1,2),(12,'2022-11-17 13:47:19','2022-11-17 13:47:16',2,1),(13,'2022-11-17 13:50:12','2022-11-17 13:50:07',1,2),(14,'2022-11-17 13:50:12','2022-11-17 13:50:07',2,1),(15,'2022-11-17 13:51:24','2022-11-17 13:51:22',1,2),(16,'2022-11-17 13:51:24','2022-11-17 13:51:22',2,1),(17,'2022-11-17 13:53:20','2022-11-17 13:53:18',1,2),(18,'2022-11-17 13:53:20','2022-11-17 13:53:18',2,1),(19,'2022-11-17 14:57:39','2022-11-17 14:57:06',1,2),(20,'2022-11-17 14:57:39','2022-11-17 14:57:06',2,1),(21,'2022-11-17 14:58:35','2022-11-17 14:58:30',1,2),(22,'2022-11-17 14:58:35','2022-11-17 14:58:30',2,1),(23,'2022-11-17 15:00:43','2022-11-17 14:59:55',1,2),(24,'2022-11-17 15:00:43','2022-11-17 14:59:55',2,1),(25,'2022-11-17 15:06:42','2022-11-17 15:06:32',1,2),(26,'2022-11-17 15:06:42','2022-11-17 15:06:32',2,1),(27,'2022-11-17 15:15:00','2022-11-17 15:14:56',3,2),(28,'2022-11-17 15:15:00','2022-11-17 15:14:56',2,3),(29,'2022-11-17 15:17:03','2022-11-17 15:16:24',3,2),(30,'2022-11-17 15:17:03','2022-11-17 15:16:24',2,3),(31,'2022-11-17 15:27:46','2022-11-17 15:27:30',3,1),(32,'2022-11-17 15:27:46','2022-11-17 15:27:30',1,3),(33,'2022-11-17 15:40:46','2022-11-17 15:40:28',3,2),(34,'2022-11-17 15:40:46','2022-11-17 15:40:28',2,3),(35,'2022-11-17 15:44:38','2022-11-17 15:44:00',2,3),(36,'2022-11-17 15:44:38','2022-11-17 15:44:00',3,2),(37,'2022-11-17 17:49:50','2022-11-17 17:49:30',5,3),(38,'2022-11-17 17:49:50','2022-11-17 17:49:30',3,5),(39,'2022-11-18 00:30:04','2022-11-18 00:29:26',2,5),(40,'2022-11-18 00:30:04','2022-11-18 00:29:26',5,2),(41,'2022-11-18 00:30:50','2022-11-18 00:30:45',2,5),(42,'2022-11-18 00:30:50','2022-11-18 00:30:45',5,2),(43,'2022-11-19 17:24:31','2022-11-19 17:24:19',9,5),(44,'2022-11-19 17:24:31','2022-11-19 17:24:19',5,9);
/*!40000 ALTER TABLE `streaming` ENABLE KEYS */;
UNLOCK TABLES;

--
-- Table structure for table `user`
--

DROP TABLE IF EXISTS `user`;
/*!40101 SET @saved_cs_client     = @@character_set_client */;
/*!50503 SET character_set_client = utf8mb4 */;
CREATE TABLE `user` (
  `user_id` bigint NOT NULL AUTO_INCREMENT,
  `height` double DEFAULT NULL,
  `img_url` varchar(255) DEFAULT NULL,
  `nickname` varchar(255) DEFAULT NULL,
  `username` varchar(255) DEFAULT NULL,
  `phone_id` varchar(255) DEFAULT NULL,
  PRIMARY KEY (`user_id`),
  UNIQUE KEY `UK_sb8bbouer5wak8vyiiy4pf2bx` (`username`)
) ENGINE=InnoDB AUTO_INCREMENT=11 DEFAULT CHARSET=utf8mb4 COLLATE=utf8mb4_0900_ai_ci;
/*!40101 SET character_set_client = @saved_cs_client */;

--
-- Dumping data for table `user`
--

LOCK TABLES `user` WRITE;
/*!40000 ALTER TABLE `user` DISABLE KEYS */;
INSERT INTO `user` VALUES (1,123,NULL,'test','a',NULL),(2,12,'https://htm-ssafy.s3.ap-northeast-2.amazonaws.com/body/c92d1e68-bd82-4014-b43f-7e328873bb6d_happy.png','bnick','b',''),(3,15,'https://htm-ssafy.s3.ap-northeast-2.amazonaws.com/body/0c4d80db-24a2-4264-9f98-6ecc780dea11_chocolatmeil.jpg','heesun','heesun','asdasdasdasdasd'),(4,0,'string','string','string',NULL),(5,180,'https://htm-ssafy.s3.ap-northeast-2.amazonaws.com/body/92160a74-bcdd-4009-a903-0ebc72568f3e_hyeonwoo.png','조각미남','helennaby','ExponentPushToken[0ysM5zJXi0RnG6bbNkylnu]'),(6,0,'https://htm-ssafy.s3.ap-northeast-2.amazonaws.com/body/6def36a8-df5c-4de9-a896-11cc30875cba_gorilla-freak-wt5jg8_WrJg-unsplash%20%282%29.jpg','트레이너','xofkdqkqh','ExponentPushToken[xeLsVcHWDcpEscPkiklG7S]'),(7,200,'dsf','admin','admin',NULL),(8,0,'https://lh3.googleusercontent.com/a/ALm5wu01yVZA7jS5JNrsB9UlK3PYJWhJXjZl1S0BvHne=s96-c','KLMY Babel','babel3126374',NULL),(9,0,'https://lh3.googleusercontent.com/a/ALm5wu1dIaTejbrvtGw8KoQKZm08lonQkNkHG46Q2dDU=s96-c','MoCCo','kd8317','ExponentPushToken[GA87ujOI9z5qqITJBIwowB]'),(10,183,'https://lh3.googleusercontent.com/a/ALm5wu04RH0D0sVQj2WUjH2iuX3_njQV19TveRz4flV_=s96-c','유현우','mansu9801','ExponentPushToken[2joelCNlTsdWpNuamrPl0j]');
/*!40000 ALTER TABLE `user` ENABLE KEYS */;
UNLOCK TABLES;

--
-- Table structure for table `weight`
--

DROP TABLE IF EXISTS `weight`;
/*!40101 SET @saved_cs_client     = @@character_set_client */;
/*!50503 SET character_set_client = utf8mb4 */;
CREATE TABLE `weight` (
  `weight_id` bigint NOT NULL AUTO_INCREMENT,
  `date` varchar(255) DEFAULT NULL,
  `weight` double NOT NULL,
  `user_id` bigint DEFAULT NULL,
  PRIMARY KEY (`weight_id`),
  KEY `FKm075g9rk53bjgmn8md2i4c7wp` (`user_id`),
  CONSTRAINT `FKm075g9rk53bjgmn8md2i4c7wp` FOREIGN KEY (`user_id`) REFERENCES `user` (`user_id`)
) ENGINE=InnoDB AUTO_INCREMENT=19 DEFAULT CHARSET=utf8mb4 COLLATE=utf8mb4_0900_ai_ci;
/*!40101 SET character_set_client = @saved_cs_client */;

--
-- Dumping data for table `weight`
--

LOCK TABLES `weight` WRITE;
/*!40000 ALTER TABLE `weight` DISABLE KEYS */;
INSERT INTO `weight` VALUES (1,'2022-11-09',57,5),(2,'2022-11-08',80,5),(3,'2022-11-10',67,5),(6,'2022-11-05',45,5),(7,'2022-11-04',58,5),(8,'2022-11-06',58,5),(9,'2022-11-07',54,5),(11,'2022-11-18',0,2),(12,'2022-11-18',30,5),(13,'2022-11-18',2,1),(14,'2022-11-18',30,NULL),(15,'2022-11-18',30,NULL),(16,'2022-11-19',62,5),(17,'2022-11-20',0,5),(18,'2022-11-20',0,10);
/*!40000 ALTER TABLE `weight` ENABLE KEYS */;
UNLOCK TABLES;
/*!40103 SET TIME_ZONE=@OLD_TIME_ZONE */;

/*!40101 SET SQL_MODE=@OLD_SQL_MODE */;
/*!40014 SET FOREIGN_KEY_CHECKS=@OLD_FOREIGN_KEY_CHECKS */;
/*!40014 SET UNIQUE_CHECKS=@OLD_UNIQUE_CHECKS */;
/*!40101 SET CHARACTER_SET_CLIENT=@OLD_CHARACTER_SET_CLIENT */;
/*!40101 SET CHARACTER_SET_RESULTS=@OLD_CHARACTER_SET_RESULTS */;
/*!40101 SET COLLATION_CONNECTION=@OLD_COLLATION_CONNECTION */;
/*!40111 SET SQL_NOTES=@OLD_SQL_NOTES */;

-- Dump completed on 2022-11-20 19:57:17
